seller_id,postal_area,city,region
SELLER_ZMABVGPONH,AREA_FJFVRSZ,CITY_QRSQIG,REGION_ZMUB
SELLER_NEBKOFCTSR,AREA_CLWKHOR,CITY_KECYUL,REGION_ZAQW
SELLER_HEDHDKPSAE,AREA_ROARCXF,CITY_WJMXKD,REGION_ZMUB
SELLER_ALAZMGGUAX,AREA_AUSXFRD,CITY_ZVRRME,REGION_ZAQW
SELLER_OMJNJSHMIF,AREA_QWXTJPK,CITY_FKDAWU,REGION_ZAQW
SELLER_UOGMLXRCXJ,AREA_QZXGWFH,CITY_AUSJMH,REGION_ZAQW
SELLER_XKCCMCJFHS,AREA_BCFNUPY,CITY_NWOLTF,REGION_ZAQW
SELLER_FOWYBACNBU,AREA_NWEHKZY,CITY_NGIDHF,REGION_ZMUB
SELLER_WONUURFGMZ,AREA_ZODTWQY,CITY_NWOLTF,REGION_ZAQW
SELLER_DJLQCDFYCT,AREA_KACSALI,CITY_FCDSIW,REGION_CGSL
SELLER_HSWIIXYWPE,AREA_GMKBWXT,CITY_MFOJHT,REGION_ZAQW
SELLER_JHIJPJAEFW,AREA_HBRESJC,CITY_NWOLTF,REGION_ZAQW
SELLER_OTVWFNLKMT,AREA_TNDVAET,CITY_AHAGBS,REGION_ZAQW
SELLER_SPKQCPYRHI,AREA_KUTCVXM,CITY_NWOLTF,REGION_ZAQW
SELLER_NJFALWFFKC,AREA_HBRMQOO,CITY_SWPDCC,REGION_CGSL
SELLER_NMNLLLYEEI,AREA_LRIDEWP,CITY_NWOLTF,REGION_ZAQW
SELLER_WSCZWNUZUJ,AREA_SYFOKPS,CITY_RBDEAA,REGION_ZAQW
SELLER_AAKXKBCTIS,AREA_VJDQSMS,CITY_IYTTKK,REGION_ZAQW
SELLER_TQVLGCUOEY,AREA_BNIEIJX,CITY_QVSUET,REGION_ZAQW
SELLER_DWDWGHERJF,AREA_FLTOAPG,CITY_TKTOVT,REGION_ZAQW
SELLER_ELUUDWIYEU,AREA_PMWJGNR,CITY_NWOLTF,REGION_ZAQW
SELLER_WCUVWRCDPI,AREA_SCYKJBG,CITY_ZGDZZY,REGION_SNJF
SELLER_ONXMEOJOIW,AREA_GAGRALH,CITY_AUSJMH,REGION_ZAQW
SELLER_PTZNKLGRNT,AREA_WPOUNTQ,CITY_NWOLTF,REGION_ZAQW
SELLER_OIEQNUBCZV,AREA_TTPLSYG,CITY_JFDMTX,REGION_ZMUB
SELLER_KXPDTNOXQG,AREA_IRBXBDH,CITY_WUEFEU,REGION_SNJF
SELLER_HURQMTNTDU,AREA_PHWLAHW,CITY_CULFCV,REGION_WSPK
SELLER_NIZCVLEWQZ,AREA_KQXGITE,CITY_NWOLTF,REGION_ZAQW
SELLER_SQANUAGLRW,AREA_LMFUCYA,CITY_WCRPHW,REGION_ZAQW
SELLER_EHCMLLVYEN,AREA_VGFPRNC,CITY_MWYUGF,REGION_ZAQW
SELLER_SJQHBAWNJL,AREA_WABMXFR,CITY_XHCYYT,REGION_ZMUB
SELLER_MAJBWKQTMO,AREA_UDNVQTA,CITY_NWOLTF,REGION_ZAQW
SELLER_MQXMZOSXOV,AREA_YIEBZPB,CITY_YJPCZS,REGION_ZMUB
SELLER_LKXBZCQSFV,AREA_SXRUORD,CITY_JJPVIO,REGION_ZAQW
SELLER_VESDJXUGOY,AREA_AEAJHCW,CITY_NWOLTF,REGION_ZAQW
SELLER_ZKAHTCZIRE,AREA_QOGQGAG,CITY_NWOLTF,REGION_ZAQW
SELLER_UHHRKCZDHQ,AREA_LTLHXVP,CITY_NWOLTF,REGION_ZAQW
SELLER_MXURZLXGNS,AREA_PJQYHGB,CITY_NWOLTF,REGION_ZAQW
SELLER_IVQTQOMTRQ,AREA_FIFQNRX,CITY_NWOLTF,REGION_ZAQW
SELLER_OIAURAXGFJ,AREA_AIGSGPI,CITY_XHCYYT,REGION_ZMUB
SELLER_UTFBNSCXRU,AREA_WFBUMTG,CITY_MHDJAV,REGION_ZAQW
SELLER_ERJTISAJOH,AREA_BQSJZKV,CITY_SPUSRK,REGION_ZAQW
SELLER_BXKDVOUCMS,AREA_WEUHCJS,CITY_GYLMOK,REGION_BQGV
SELLER_IBEGVBROIA,AREA_BCFNUPY,CITY_NWOLTF,REGION_ZAQW
SELLER_BBFRAVRFLG,AREA_YZSSWBM,CITY_NWOLTF,REGION_ZAQW
SELLER_NYRZSUZVXQ,AREA_JYTFOKT,CITY_ZAYAZD,REGION_ZAQW
SELLER_GTQTEHCHPA,AREA_VSAOFVR,CITY_XULQIB,REGION_FLVI
SELLER_KBLBVWOMST,AREA_ZQIPTVJ,CITY_ZXEZBR,REGION_ZAQW
SELLER_OOUKEUQKSD,AREA_QJGUGLK,CITY_JTWKJM,REGION_DYWE
SELLER_IGHJZKQQCZ,AREA_ZMFNWPO,CITY_ZGDZZY,REGION_SNJF
SELLER_TLGTEXPCKY,AREA_DYJXPFO,CITY_OSWFKB,REGION_WSPK
SELLER_BFLNJFYOWQ,AREA_UBRGXWL,CITY_HKSTWV,REGION_ZAQW
SELLER_NRYUNPRBXA,AREA_HKLBEOE,CITY_HMNIHL,REGION_ZAQW
SELLER_JBVVGBKPPO,AREA_LMTUDEM,CITY_TLNJQQ,REGION_SNJF
SELLER_JQDJTKHCWH,AREA_BQLEXTW,CITY_CBOUJN,REGION_FLVI
SELLER_TUKSCEYCJQ,AREA_FRNCDWT,CITY_WJCGXV,REGION_ZMUB
SELLER_WBCUJZIESN,AREA_LXYPOFF,CITY_QYBIUH,REGION_ZAQW
SELLER_MMVDOEICOS,AREA_IKZLOJR,CITY_PHAORF,REGION_SNJF
SELLER_DMBTMBZLCY,AREA_BGCICGL,CITY_GQIOWS,REGION_ZAQW
SELLER_LCPMUIZLDT,AREA_TRLEZRD,CITY_NWOLTF,REGION_ZAQW
SELLER_IDCVJNNKCG,AREA_GNXZGYW,CITY_NWOLTF,REGION_ZAQW
SELLER_JAQTIXIXUW,AREA_PVFGVNN,CITY_XHCYYT,REGION_ZMUB
SELLER_GVEZRYNTOC,AREA_VJCXVCT,CITY_NWOLTF,REGION_ZAQW
SELLER_SFHYTHWJTX,AREA_PTVHJNU,CITY_DNOLCW,REGION_SNJF
SELLER_SIFXAXENQC,AREA_ADXEWAN,CITY_QVYIAX,REGION_RYAS
SELLER_KEDFQWHKSN,AREA_LQEYWTA,CITY_SGDOXH,REGION_DYWE
SELLER_ZDFXVJGLKL,AREA_RQKUYLY,CITY_EALZND,REGION_SNJF
SELLER_XGRPFBFXQW,AREA_ZPQIOHD,CITY_NWOLTF,REGION_ZAQW
SELLER_GDZDXZYCYA,AREA_ASMVVEV,CITY_ERBJXF,REGION_ZMUB
SELLER_HVSCIECPKI,AREA_PVXXSCJ,CITY_RHZLHM,REGION_ZAQW
SELLER_CDFMIXJVAT,AREA_OOZFGZT,CITY_FENXSG,REGION_EKOC
SELLER_STEVZCSRYJ,AREA_YZUEPYY,CITY_WCRPHW,REGION_ZAQW
SELLER_FSPXOYZSTN,AREA_TAFROTR,CITY_DNOLCW,REGION_SNJF
SELLER_ZVUUSHCKJT,AREA_LMGRKXN,CITY_XHCYYT,REGION_ZMUB
SELLER_NZLHUOWQKZ,AREA_CDCLHHB,CITY_NAMZQI,REGION_CGSL
SELLER_LZZICHAVPJ,AREA_XZDMWGX,CITY_DHHXZC,REGION_CGSL
SELLER_WEXIXFSVHE,AREA_AHOFVOP,CITY_GQMMSE,REGION_ZAQW
SELLER_EJLDJFFWPC,AREA_KNVZMZL,CITY_RUDVCV,REGION_ZAQW
SELLER_MPTWIOTIBD,AREA_QRJHMCG,CITY_AUSJMH,REGION_ZAQW
SELLER_BICHPQHMAP,AREA_BEZEKJU,CITY_CULFCV,REGION_WSPK
SELLER_NOMJEYQFEG,AREA_ZZLAJMJ,CITY_SCWTZL,REGION_ZAQW
SELLER_UVAAWMHVCW,AREA_CAINDUT,CITY_ZVLCHW,REGION_ZAQW
SELLER_WLDZPTNDEQ,AREA_WLFFVEH,CITY_BAWDHL,REGION_ZAQW
SELLER_CVWHGKEWEE,AREA_JMBXOZR,CITY_QZOFPC,REGION_ZAQW
SELLER_PHRZPIBAUI,AREA_SWIAIMB,CITY_ROJJRW,REGION_ZAQW
SELLER_XQCOPTROON,AREA_LFOHDBF,CITY_NWOLTF,REGION_ZAQW
SELLER_MCZHTRFFZV,AREA_HQTVTZW,CITY_TFZBQS,REGION_ZAQW
SELLER_NCFGQDBYTP,AREA_BUGMEMT,CITY_NWOLTF,REGION_ZAQW
SELLER_MUKMVEAAUU,AREA_TYTZVVH,CITY_HMNIHL,REGION_ZAQW
SELLER_XJBIOZOVGS,AREA_AYSWKKY,CITY_HMNIHL,REGION_ZAQW
SELLER_TTTWWQGZQZ,AREA_KKZUYJO,CITY_GQIOWS,REGION_ZAQW
SELLER_HYCMWLWQKE,AREA_OSATDSH,CITY_TKTOVT,REGION_ZAQW
SELLER_FWMAYPIRPV,AREA_RECLRIX,CITY_AFQUYY,REGION_SNJF
SELLER_IDMUEXNXXF,AREA_KWVGZIG,CITY_MITIFZ,REGION_DYWE
SELLER_HXPVWJSOUP,AREA_JBRSZBM,CITY_CRMZOH,REGION_DYWE
SELLER_TOCZZBKLGW,AREA_OUFTVVA,CITY_CUSPLX,REGION_ZAQW
SELLER_YTKTVUSNYB,AREA_DMEDHYD,CITY_XHCYYT,REGION_ZMUB
SELLER_DTSABZUMCG,AREA_BIWBYNY,CITY_QCCFAS,REGION_ZMUB
SELLER_MDDTVTYYLW,AREA_UQCSGFP,CITY_SPUSRK,REGION_ZAQW
SELLER_NHSVOITCZJ,AREA_LZEXBUH,CITY_DNOLCW,REGION_SNJF
SELLER_JVHWZFULUN,AREA_LLMSFQL,CITY_ZOBQSQ,REGION_ZAQW
SELLER_IAPFXQQAKX,AREA_NOJLDBW,CITY_CQKTMH,REGION_ZAQW
SELLER_WJMLAHSCQD,AREA_KZLNAIR,CITY_HKSTWV,REGION_ZAQW
SELLER_DALCMQGAAG,AREA_LCZNLGM,CITY_XHZHLN,REGION_ZMUB
SELLER_GRRLJUOGXP,AREA_UXKMLEY,CITY_ZVLCHW,REGION_ZAQW
SELLER_OYAVYCQTTA,AREA_ZMFZXZT,CITY_TFZBQS,REGION_ZAQW
SELLER_MXQNGQCTUX,AREA_NERCNKH,CITY_NWOLTF,REGION_ZAQW
SELLER_NLSOSRYAMD,AREA_PSDZVCE,CITY_VDIYEC,REGION_SNJF
SELLER_YXYEMTDIQO,AREA_ZMUQOJF,CITY_WCRPHW,REGION_ZAQW
SELLER_PQPDLMSESA,AREA_UCVKOIS,CITY_OFZEOW,REGION_ZMUB
SELLER_OESKLROQDQ,AREA_YJYSHRV,CITY_NWOLTF,REGION_ZAQW
SELLER_QBYMPRAXDE,AREA_URHJRFU,CITY_ROJJRW,REGION_ZAQW
SELLER_ARSSBOMPTR,AREA_XDTNDFG,CITY_HYTYFF,REGION_SNJF
SELLER_AJEAVLCLPZ,AREA_YDKSMJW,CITY_NWOLTF,REGION_ZAQW
SELLER_NLMQYKWSKP,AREA_SAMEMBF,CITY_OHBMZC,REGION_ZMUB
SELLER_DGVUXNDQKF,AREA_WNNBUQL,CITY_XAARQU,REGION_FLVI
SELLER_GZEBXTUJID,AREA_GDADIUS,CITY_GQIOWS,REGION_ZAQW
SELLER_NJCNRFYOJY,AREA_GNSMCPG,CITY_EPZZRS,REGION_FLVI
SELLER_VDMSJMPOLW,AREA_CXXQAHW,CITY_CULFCV,REGION_WSPK
SELLER_OOSCYDJWQP,AREA_WDNDJZZ,CITY_NWOLTF,REGION_ZAQW
SELLER_TDUTDHQVIT,AREA_VXFLGYU,CITY_GQIOWS,REGION_ZAQW
SELLER_PSYEDYJRCL,AREA_ZRYPXOS,CITY_MXWIIL,REGION_ZAQW
SELLER_DJQWVFQHDW,AREA_CCRSGPL,CITY_IYTTKK,REGION_ZAQW
SELLER_TEQLMQCUPS,AREA_XHQNENX,CITY_RBDEAA,REGION_ZAQW
SELLER_ZSUHHYDPWC,AREA_GOUTPXW,CITY_NWOLTF,REGION_ZAQW
SELLER_LJSXOADQFH,AREA_IXMVVVA,CITY_YRHCRW,REGION_DYWE
SELLER_LWOHYQLNQM,AREA_ZJQKZJO,CITY_CULFCV,REGION_WSPK
SELLER_GZXMNZEIKU,AREA_UOMRMXS,CITY_NDGTLF,REGION_ZAQW
SELLER_RFWSPYLJPX,AREA_NSYCCKK,CITY_NWOLTF,REGION_ZAQW
SELLER_XVLVTDBSLA,AREA_AWITGQS,CITY_CULFCV,REGION_WSPK
SELLER_XGLMZQJMTS,AREA_UCVKOIS,CITY_OFZEOW,REGION_ZMUB
SELLER_UZCBRJSYEQ,AREA_FKNCFGA,CITY_DNOLCW,REGION_SNJF
SELLER_KYHUWJWWLT,AREA_AMVXFRF,CITY_QWQKKI,REGION_ZAQW
SELLER_LKOUQCHGHY,AREA_QTNDEDQ,CITY_CILJXC,REGION_WSPK
SELLER_CLBCQQUWES,AREA_MAUCABF,CITY_WBAZQV,REGION_ZMUB
SELLER_XDRMODRTBG,AREA_CLJIUAY,CITY_GGZELG,REGION_ZAQW
SELLER_ZTHISYKTAJ,AREA_OUFTVVA,CITY_CUSPLX,REGION_ZAQW
SELLER_TRVWOEGLHW,AREA_RAOJQDH,CITY_NWOLTF,REGION_ZAQW
SELLER_CGQMMMFDSK,AREA_DYPPXTL,CITY_NWOLTF,REGION_ZAQW
SELLER_FAJVOTQKGG,AREA_WSHZNDC,CITY_DNOLCW,REGION_SNJF
SELLER_UQYGUPKJLA,AREA_LCZNLGM,CITY_XHZHLN,REGION_ZMUB
SELLER_PMRNXCQMRV,AREA_RCKQBTK,CITY_HMNIHL,REGION_ZAQW
SELLER_LTNZNVDKGY,AREA_PWSFGUT,CITY_NWOLTF,REGION_ZAQW
SELLER_ODIWCXGKWA,AREA_PJQUAVS,CITY_NWOLTF,REGION_ZAQW
SELLER_PUSZKTRYWF,AREA_RQPNTTG,CITY_QWQKKI,REGION_ZAQW
SELLER_IHMFGAOTVH,AREA_ZQCJEDX,CITY_OYWKEL,REGION_ZMUB
SELLER_PMJHLXVOHJ,AREA_OWPARRR,CITY_MLCDKW,REGION_ZAQW
SELLER_VHTTDAZINT,AREA_YGPYFAC,CITY_QQZGQR,REGION_ZAQW
SELLER_XHCKQJOMMQ,AREA_JDVWTVL,CITY_DNOLCW,REGION_SNJF
SELLER_PVEGLUKYNE,AREA_UWSWIHH,CITY_RXNPED,REGION_WSPK
SELLER_IBZZHKNHQG,AREA_FNNQAKF,CITY_CBOUJN,REGION_FLVI
SELLER_RZGUUGPXJC,AREA_KRDWWJN,CITY_XHCYYT,REGION_ZMUB
SELLER_TDNLDKKOHH,AREA_NLBYJAA,CITY_CZHFQZ,REGION_FLVI
SELLER_VFIOKNCTNX,AREA_ONVKOQX,CITY_ROJJRW,REGION_ZAQW
SELLER_TTWMROKYIE,AREA_IGCIKUM,CITY_SGDOXH,REGION_DYWE
SELLER_EVYBFJMNDX,AREA_CWZHFUH,CITY_UUXQWC,REGION_ZMUB
SELLER_ABOSMQAMCW,AREA_MHUWVNZ,CITY_KONHYW,REGION_ZAQW
SELLER_MTUYQYNTOI,AREA_QSJYXPW,CITY_HVYBHP,REGION_FLVI
SELLER_IAKBTZHTNS,AREA_PZCOKXU,CITY_BIQMJK,REGION_ZAQW
SELLER_SNEVLMDJZV,AREA_ICYAKUM,CITY_CULFCV,REGION_WSPK
SELLER_DPTOKUFBBF,AREA_SAYFBVV,CITY_OZXJBN,REGION_ZAQW
SELLER_YNXSHMKWVX,AREA_GPJCWXL,CITY_NWOLTF,REGION_ZAQW
SELLER_LVOLJZBJAI,AREA_COIJZBW,CITY_QZOFPC,REGION_ZAQW
SELLER_LWRJLPMMKN,AREA_IJCZUQG,CITY_QZOFPC,REGION_ZAQW
SELLER_DEPEISANGO,AREA_WGUQFMB,CITY_NWOLTF,REGION_ZAQW
SELLER_DNFLVFAWSA,AREA_LZXCKPX,CITY_GYLMOK,REGION_BQGV
SELLER_KJLTVSXVQW,AREA_OHIQOVW,CITY_NWOLTF,REGION_ZAQW
SELLER_LCNRPLJYUT,AREA_HHUJWJA,CITY_NWOLTF,REGION_ZAQW
SELLER_SKPEAEQPCU,AREA_VXFLGYU,CITY_GQIOWS,REGION_ZAQW
SELLER_XMPQCMUSOJ,AREA_DKAKJOI,CITY_NWOLTF,REGION_ZAQW
SELLER_NARNPMZIZP,AREA_OYMSNKN,CITY_CULFCV,REGION_WSPK
SELLER_IPKYRYULUM,AREA_TPVORRZ,CITY_RXBKJH,REGION_ZMUB
SELLER_HVKSHJAYXU,AREA_PEPBMYG,CITY_HMNIHL,REGION_ZAQW
SELLER_AGLDHQYJHR,AREA_XDYTGZK,CITY_XHCYYT,REGION_ZMUB
SELLER_NMBACWFMKI,AREA_PWECTHB,CITY_LPFRJQ,REGION_FLVI
SELLER_HHYEXBUNYR,AREA_IRBBTUE,CITY_USPHRO,REGION_ZAQW
SELLER_BHMBATMHRD,AREA_NAITGLJ,CITY_DNOLCW,REGION_SNJF
SELLER_SQWRZJVXLY,AREA_XIJORBM,CITY_KRUHPY,REGION_ZAQW
SELLER_QXRVLCIZLR,AREA_PVCVZXD,CITY_DNOLCW,REGION_SNJF
SELLER_KYGLZLBPFR,AREA_RXYYOVP,CITY_NWOLTF,REGION_ZAQW
SELLER_UAKZIAWRGA,AREA_XRGJYAR,CITY_XHCYYT,REGION_ZMUB
SELLER_YUBGSCDISY,AREA_PRJDUKE,CITY_FBCLXK,REGION_PPKX
SELLER_XGKXSGKJPA,AREA_WFBUMTG,CITY_MHDJAV,REGION_ZAQW
SELLER_GVLZVYPZRR,AREA_CJAPRTS,CITY_DNOLCW,REGION_SNJF
SELLER_FPNPYVVFTY,AREA_ZXNAFYR,CITY_NWOLTF,REGION_ZAQW
SELLER_SBHMQSDEKW,AREA_WPTNAEV,CITY_NWOLTF,REGION_ZAQW
SELLER_APFFPRLLXV,AREA_WTTXXOA,CITY_DNOLCW,REGION_SNJF
SELLER_ZBJGUEFTRN,AREA_UTHEFKF,CITY_GYEGUB,REGION_DJNN
SELLER_HONBBWORKJ,AREA_OYWPRQZ,CITY_LDQCID,REGION_ZMUB
SELLER_AGZGQJROHY,AREA_WLOUGHJ,CITY_NWOLTF,REGION_ZAQW
SELLER_KBFCUKEIKJ,AREA_EOSRXPN,CITY_YGOHRK,REGION_CGSL
SELLER_VDEYGJFNXI,AREA_RYOZQTW,CITY_NWOLTF,REGION_ZAQW
SELLER_QFLMGWMUCD,AREA_BOLRGXS,CITY_NWOLTF,REGION_ZAQW
SELLER_GSKKGATRJS,AREA_OHVEDPW,CITY_NWOLTF,REGION_ZAQW
SELLER_VMRJZPXTOS,AREA_WQAXJCO,CITY_OSUZXX,REGION_ZAQW
SELLER_JPUSYDHBEI,AREA_QJJALEZ,CITY_VDIYEC,REGION_SNJF
SELLER_DLCQYRNZYT,AREA_ZRYMDTU,CITY_HMNIHL,REGION_ZAQW
SELLER_DNWPNOYZQQ,AREA_YVMUFDR,CITY_CULFCV,REGION_WSPK
SELLER_WEWXQDMEVE,AREA_PQHQISE,CITY_NWOLTF,REGION_ZAQW
SELLER_KSAQPMLMHX,AREA_PQWOVYH,CITY_PNHMHH,REGION_ZAQW
SELLER_RHAIOANBDT,AREA_GWLUCAF,CITY_EEXIJQ,REGION_SNJF
SELLER_PSIXIIBPKY,AREA_XIJORBM,CITY_KRUHPY,REGION_ZAQW
SELLER_FPOIQFXYKQ,AREA_WDNDJZZ,CITY_NWOLTF,REGION_ZAQW
SELLER_HNXEECXNZC,AREA_HDCSSRD,CITY_BLLIVZ,REGION_FLVI
SELLER_KKMLTXLHFG,AREA_TCIWDAR,CITY_QRFQZT,REGION_ZAQW
SELLER_TAJLBSYOSZ,AREA_ZLPSQGZ,CITY_ZRORFE,REGION_DYWE
SELLER_BSAXEHUICY,AREA_XSKXUQZ,CITY_VDIYEC,REGION_SNJF
SELLER_AJJVVYJGQF,AREA_FDFYJRK,CITY_DHHUHM,REGION_ZAQW
SELLER_JMEKLDKHXA,AREA_ZIJUAAL,CITY_AFQUYY,REGION_SNJF
SELLER_LWKBDMPUAQ,AREA_PFVXBIS,CITY_MVQGDB,REGION_WSPK
SELLER_OBUKGQBKYW,AREA_GNSMCPG,CITY_EPZZRS,REGION_FLVI
SELLER_TJDTSKHDHP,AREA_VQNMLAW,CITY_WEKLLH,REGION_ZAQW
SELLER_KNOXDAUVUM,AREA_MADDDOL,CITY_NWOLTF,REGION_ZAQW
SELLER_TLLYFHBIBG,AREA_IUUNIBT,CITY_NWOLTF,REGION_ZAQW
SELLER_GBCEOLXLXP,AREA_OXIYPYD,CITY_DHHUHM,REGION_ZAQW
SELLER_IFHDLMOWEG,AREA_JGEIGHQ,CITY_ZOBQSQ,REGION_ZAQW
SELLER_KCBIQQPVRO,AREA_GQQQWUG,CITY_NWOLTF,REGION_ZAQW
SELLER_JJVNNNNHTE,AREA_RAKDYEQ,CITY_FKDAWU,REGION_ZAQW
SELLER_YWASSSVUSI,AREA_CSXASBU,CITY_CULFCV,REGION_WSPK
SELLER_VQHQSSSXGW,AREA_NLKQYVR,CITY_NWOLTF,REGION_ZAQW
SELLER_WMBUQEJGAN,AREA_QQFZIZA,CITY_CSEEXF,REGION_SNJF
SELLER_MUZBKEKHHK,AREA_IJCSBLQ,CITY_ZXEZBR,REGION_ZAQW
SELLER_MDIEDTGALO,AREA_XTVHGIL,CITY_GQIOWS,REGION_ZAQW
SELLER_OHGAMJYFBP,AREA_QAUXNVS,CITY_IOOCAQ,REGION_DYWE
SELLER_HGQBRBUASC,AREA_KOYBTPY,CITY_RBDEAA,REGION_ZAQW
SELLER_NSEYUFQZNU,AREA_OCFVVUB,CITY_NWOLTF,REGION_ZAQW
SELLER_VPLOFBVHST,AREA_BRGBXVQ,CITY_YWPDEW,REGION_UPLR
SELLER_XYFCIHASGM,AREA_OPYQLJY,CITY_UKDOQP,REGION_FLVI
SELLER_UKTOQTANAE,AREA_NEBIWIE,CITY_NWOLTF,REGION_ZAQW
SELLER_JTSGNCCROG,AREA_NTIWDBF,CITY_NWOLTF,REGION_ZAQW
SELLER_VXZMOIQXEV,AREA_MLDEWUU,CITY_SUZDWP,REGION_FLVI
SELLER_PILXRVKHIS,AREA_HNCEFJU,CITY_KRUHPY,REGION_ZAQW
SELLER_QZDZPZMUTK,AREA_QRGTWXJ,CITY_ERCQLU,REGION_RYAS
SELLER_FZPQRUBDNW,AREA_AOHDUWI,CITY_OSUZXX,REGION_ZAQW
SELLER_USUEHKCRMZ,AREA_QVFTGBX,CITY_CZHFQZ,REGION_FLVI
SELLER_QLCHWWKDBU,AREA_XNYJXMY,CITY_RXNPED,REGION_WSPK
SELLER_WXMKXDGJDV,AREA_YJKMIOF,CITY_TQSXZP,REGION_ZAQW
SELLER_NBRMOIRNFU,AREA_EAMJRTY,CITY_NWOLTF,REGION_ZAQW
SELLER_VTGOYNSSUK,AREA_SFELUSL,CITY_GQIOWS,REGION_ZAQW
SELLER_CCKEOONWLB,AREA_RTULRQQ,CITY_NWOLTF,REGION_ZAQW
SELLER_JDJBXKFJSE,AREA_VTUUMIL,CITY_NWOLTF,REGION_ZAQW
SELLER_OYBHRJJFHY,AREA_LGOWVXZ,CITY_XHCYYT,REGION_ZMUB
SELLER_SQFVEQLBEI,AREA_AGSMRFK,CITY_ITGPBI,REGION_DCUP
SELLER_SJVXRROQBU,AREA_CHWBIHW,CITY_WEKLLH,REGION_ZAQW
SELLER_WDUXMFMPNR,AREA_FFKLORR,CITY_NWOLTF,REGION_ZAQW
SELLER_IJPFYKFKFC,AREA_NUZMLQG,CITY_APZBZR,REGION_ZAQW
SELLER_CNYOQWSJJO,AREA_FXBHEFG,CITY_NWOLTF,REGION_ZAQW
SELLER_SBNRUXBEHZ,AREA_NDTQZXQ,CITY_WBAZQV,REGION_ZMUB
SELLER_AMMCCOYSVQ,AREA_DMSEPWK,CITY_AYUJLS,REGION_ZAQW
SELLER_WWCYTSCSIB,AREA_FYKVYYL,CITY_NWOLTF,REGION_ZAQW
SELLER_RJODWMCQDT,AREA_LIPDDAL,CITY_NWOLTF,REGION_ZAQW
SELLER_RPDALZVFBK,AREA_PSTSPUL,CITY_FKDAWU,REGION_ZAQW
SELLER_DCKTGCROEZ,AREA_WZKUSCD,CITY_NWOLTF,REGION_ZAQW
SELLER_YOBDESQYWN,AREA_KKAWFPA,CITY_NWOLTF,REGION_ZAQW
SELLER_THUYVWHPSU,AREA_QXWYBRK,CITY_MYSVAU,REGION_ZAQW
SELLER_VQCJFSTHKH,AREA_IZVAZXC,CITY_MXWIIL,REGION_ZAQW
SELLER_DXESAKBBQZ,AREA_COIJZBW,CITY_QZOFPC,REGION_ZAQW
SELLER_FLRARUUELX,AREA_VIODVSB,CITY_ZVLCHW,REGION_ZAQW
SELLER_ZPUMNORVKT,AREA_BOLRGXS,CITY_NWOLTF,REGION_ZAQW
SELLER_SKIJGXJHJO,AREA_RTDIUNU,CITY_NWOLTF,REGION_ZAQW
SELLER_EOODZCWNCJ,AREA_PHHQKTL,CITY_WCRPHW,REGION_ZAQW
SELLER_IGLPZXDYVH,AREA_YHBDBRG,CITY_NWOLTF,REGION_ZAQW
SELLER_LZCPCEQWQM,AREA_PKGMZBR,CITY_NWGYSE,REGION_FLVI
SELLER_XVXIVMHYBI,AREA_DAVCROF,CITY_NWOLTF,REGION_ZAQW
SELLER_HHVYUKRUJY,AREA_RAWELFR,CITY_VEPPLO,REGION_FLVI
SELLER_FMWSQKVULA,AREA_DIKHRER,CITY_NWOLTF,REGION_ZAQW
SELLER_BLGEEMOIPW,AREA_UUECEFP,CITY_YXISNU,REGION_FLVI
SELLER_MOMYMQEEOB,AREA_MSVZIOP,CITY_NWOLTF,REGION_ZAQW
SELLER_TAITHMKCER,AREA_AMHIXOA,CITY_CBOUJN,REGION_FLVI
SELLER_AIQKPBCVZT,AREA_LLMSFQL,CITY_ZOBQSQ,REGION_ZAQW
SELLER_YQBLXWIQYM,AREA_VNFOFOC,CITY_ZMBXRL,REGION_ZAQW
SELLER_JSESGVWDBX,AREA_ATBDZQQ,CITY_EWHCEK,REGION_FLVI
SELLER_UUARAGZWCI,AREA_EDYOGLT,CITY_IOOCAQ,REGION_DYWE
SELLER_PYTAZSZMZE,AREA_EDOSVJN,CITY_NWOLTF,REGION_ZAQW
SELLER_WWBRRGZOYP,AREA_EBWAYVS,CITY_QRSQIG,REGION_ZMUB
SELLER_MOGYFBXAJM,AREA_IEIMTMZ,CITY_VEPPLO,REGION_FLVI
SELLER_SMJGTZBPPX,AREA_AXPENJN,CITY_QVSUET,REGION_ZAQW
SELLER_YPPGHKITDA,AREA_MCASEZP,CITY_RBDEAA,REGION_ZAQW
SELLER_QLNZOGOEWG,AREA_SDRWAYG,CITY_MLCDKW,REGION_ZAQW
SELLER_IKAAVMARSZ,AREA_GQYOTAN,CITY_TKTOVT,REGION_ZAQW
SELLER_SKIIVXVVIC,AREA_JCCBCWW,CITY_OYWKEL,REGION_ZMUB
SELLER_JMDEGOPAAP,AREA_FSWHCWV,CITY_MLCDKW,REGION_ZAQW
SELLER_NIWVBUZZAH,AREA_LOFKXEL,CITY_IMBXQR,REGION_ZAQW
SELLER_CWDDUFRNFX,AREA_SFELUSL,CITY_GQIOWS,REGION_ZAQW
SELLER_PPWJZMYEJB,AREA_NMKBCUS,CITY_NWOLTF,REGION_ZAQW
SELLER_IYRGFLJABY,AREA_LRWTFWC,CITY_SGDOXH,REGION_DYWE
SELLER_VUXVDGTCNA,AREA_OEWPZCO,CITY_NWOLTF,REGION_ZAQW
SELLER_WMOQRUUQNN,AREA_PBVMTNY,CITY_PGBMJE,REGION_DYWE
SELLER_KOEQBZMHSM,AREA_DDBXVTU,CITY_NWOLTF,REGION_ZAQW
SELLER_ZLTQYLZKOS,AREA_ZPMGBDV,CITY_EGXTXT,REGION_ZAQW
SELLER_OTPXBVGBVF,AREA_AZXYGEJ,CITY_VDIYEC,REGION_SNJF
SELLER_GGVYVGIDLJ,AREA_JTZDNQN,CITY_NWOLTF,REGION_ZAQW
SELLER_VXCSYLKVRS,AREA_SWIAIMB,CITY_ROJJRW,REGION_ZAQW
SELLER_GZQKEPSOLT,AREA_WELGIUA,CITY_YTCHBP,REGION_WSPK
SELLER_EUVGHRZNJY,AREA_MVJRDKR,CITY_ARIRQL,REGION_WSPK
SELLER_IZCKEXSXGS,AREA_FXNTCYA,CITY_BBKVPM,REGION_ZDZK
SELLER_MDOOHELCNK,AREA_MZKJGRI,CITY_ITRGKE,REGION_ZAQW
SELLER_MUDIRJGEOX,AREA_ZNLEBQH,CITY_ROJJRW,REGION_ZAQW
SELLER_JSHRDGEMNB,AREA_PVFLHEJ,CITY_WGGANE,REGION_ZAQW
SELLER_VGLDROIFWX,AREA_QDQCMEV,CITY_DNOLCW,REGION_SNJF
SELLER_FYMJJUPLNB,AREA_QHODOFV,CITY_NWOLTF,REGION_ZAQW
SELLER_VDKQJOUIYB,AREA_JBRUVDS,CITY_NWOLTF,REGION_ZAQW
SELLER_DVIBLCGCQT,AREA_ULZKYNC,CITY_AUSJMH,REGION_ZAQW
SELLER_LVDYAQSCBO,AREA_XMRHDYK,CITY_GKEEQX,REGION_ZAQW
SELLER_BOWGSZSWWU,AREA_LLXNCYV,CITY_XLQPZL,REGION_ZMUB
SELLER_LKKLJANGYH,AREA_JBRSZBM,CITY_CRMZOH,REGION_DYWE
SELLER_ZCDJVDWOBY,AREA_PKXNFFC,CITY_IGXCVH,REGION_RYAS
SELLER_SQAZKYBYJK,AREA_XHJMFKT,CITY_TODPNO,REGION_WSPK
SELLER_QIDSLXBIKC,AREA_JQRBFGD,CITY_RAPHQP,REGION_FLVI
SELLER_KBSBWNKBFJ,AREA_EGBQJNP,CITY_YQNGBA,REGION_FLVI
SELLER_TFAZXCBYZK,AREA_UCPUWLC,CITY_VEPPLO,REGION_FLVI
SELLER_MNGDLBGFRP,AREA_PXRMQEM,CITY_NWOLTF,REGION_ZAQW
SELLER_NMUKZYPHMZ,AREA_JDCYFES,CITY_DNOLCW,REGION_SNJF
SELLER_GDTCGGXCLL,AREA_QEZZICD,CITY_CULFCV,REGION_WSPK
SELLER_OKDGUELFHX,AREA_UWTFDKR,CITY_LOAARG,REGION_ZAQW
SELLER_VHDTREHRXC,AREA_ZBOUDVK,CITY_GYLMOK,REGION_BQGV
SELLER_JLCLPPRXRL,AREA_POIGPSQ,CITY_VEPPLO,REGION_FLVI
SELLER_WYXNWXMFIZ,AREA_CWMKQVP,CITY_WBAZQV,REGION_ZMUB
SELLER_ENCQZLFMCT,AREA_WILGWRR,CITY_NWOLTF,REGION_ZAQW
SELLER_GDGZAANLVQ,AREA_EUXFRFL,CITY_NWOLTF,REGION_ZAQW
SELLER_IPLHDPSAFL,AREA_OPMIJKB,CITY_WSJIOI,REGION_ZAQW
SELLER_AAMLBLPEGM,AREA_EXEVCJV,CITY_NWOLTF,REGION_ZAQW
SELLER_SLHOPXKEAI,AREA_HLZYIDY,CITY_KRUHPY,REGION_ZAQW
SELLER_FMOPTOWRIH,AREA_CVONBNH,CITY_CULFCV,REGION_WSPK
SELLER_TGMXYXROGG,AREA_EYHNIVJ,CITY_NWOLTF,REGION_ZAQW
SELLER_QGXIWLSWLW,AREA_LUQGVHQ,CITY_IOOCAQ,REGION_DYWE
SELLER_EDHZOYEUJP,AREA_GJNWIXD,CITY_KRUHPY,REGION_ZAQW
SELLER_KRIXTJJKSB,AREA_HIYAAVH,CITY_SCWTZL,REGION_ZAQW
SELLER_ANJCELRHNR,AREA_QERSCZZ,CITY_SPJTVC,REGION_DYWE
SELLER_LYLDFALGAI,AREA_SWIAIMB,CITY_ROJJRW,REGION_ZAQW
SELLER_SGHPUTVBHF,AREA_MZYHOWT,CITY_DNOLCW,REGION_SNJF
SELLER_LEXFDWZWBI,AREA_MWTILQY,CITY_MFOJHT,REGION_ZAQW
SELLER_IPLKJMFBZB,AREA_EVZVFMT,CITY_CULFCV,REGION_WSPK
SELLER_CCAULZMLEW,AREA_EUUURYW,CITY_NWOLTF,REGION_ZAQW
SELLER_HLVGNIHLAI,AREA_UIWKFKC,CITY_NWOLTF,REGION_ZAQW
SELLER_OLYZCVPIIJ,AREA_IANXMEP,CITY_HMNIHL,REGION_ZAQW
SELLER_EWQTTGBJNW,AREA_TDPUKJH,CITY_UCVIOR,REGION_DYWE
SELLER_VWPJEFKLOI,AREA_TINMMOD,CITY_NWOLTF,REGION_ZAQW
SELLER_SXGEIWJXWI,AREA_JJGHABL,CITY_NWOLTF,REGION_ZAQW
SELLER_NGBVAUUFSQ,AREA_XLLMGVS,CITY_NWOLTF,REGION_ZAQW
SELLER_OUGPPYBQCN,AREA_ZVSOLQU,CITY_VUDLER,REGION_SNJF
SELLER_YGSRFFYOIJ,AREA_AKTDHLO,CITY_TQSXZP,REGION_ZAQW
SELLER_XQLGYESVNG,AREA_TSCQCDX,CITY_ITGPBI,REGION_DCUP
SELLER_EDKTZOCQMM,AREA_FQRZXYC,CITY_KRUHPY,REGION_ZAQW
SELLER_MINQRYOBIO,AREA_YHEYKON,CITY_XOHPOM,REGION_ZMUB
SELLER_ZNHPOUPUKL,AREA_OWOXDQA,CITY_NWOLTF,REGION_ZAQW
SELLER_SWNYCZNPYQ,AREA_LYWSDMH,CITY_VEPPLO,REGION_FLVI
SELLER_FIVRBQMKJX,AREA_VONXXOV,CITY_NWOLTF,REGION_ZAQW
SELLER_ZULPPWQEYR,AREA_BNHIYFD,CITY_EALZND,REGION_SNJF
SELLER_VIHHCBCQIP,AREA_ZGIQGMT,CITY_ROJJRW,REGION_ZAQW
SELLER_FQGBKZBHOT,AREA_GDTUMIX,CITY_KKIRBJ,REGION_WSPK
SELLER_SASACBTUHV,AREA_DCJYBLU,CITY_OOTKEV,REGION_DYWE
SELLER_QQYFHAGJLK,AREA_NAIKGOU,CITY_XHCYYT,REGION_ZMUB
SELLER_BDVXEDJABR,AREA_XBOECHH,CITY_NWOLTF,REGION_ZAQW
SELLER_ATCFLRYAJU,AREA_UIHULCR,CITY_BIOMCN,REGION_WSPK
SELLER_GHSNOXDKYK,AREA_GFXIWPY,CITY_IYTTKK,REGION_ZAQW
SELLER_ACSOKGXENF,AREA_WYZPDZA,CITY_IBBRWU,REGION_HOWO
SELLER_OMZGLKYWVT,AREA_MXKUEFR,CITY_MFOJHT,REGION_ZAQW
SELLER_BHTYYPCCFS,AREA_QLBVALT,CITY_ZVLCHW,REGION_ZAQW
SELLER_XMGMZSNKDB,AREA_KYTVNZU,CITY_DNOLCW,REGION_SNJF
SELLER_KLBZGFGDZW,AREA_OUFTVVA,CITY_CUSPLX,REGION_ZAQW
SELLER_WIHFWJQCJS,AREA_VNXWXRQ,CITY_FDFKZA,REGION_ZAQW
SELLER_MMVPKVILXW,AREA_UYZOMLI,CITY_WCHRCX,REGION_SNJF
SELLER_WVXCWVPVVJ,AREA_NWEHKZY,CITY_NGIDHF,REGION_ZMUB
SELLER_RLATVVAITH,AREA_TIYSRCG,CITY_NWOLTF,REGION_ZAQW
SELLER_QAAJISTKJR,AREA_PIXXIPP,CITY_ZVLCHW,REGION_ZAQW
SELLER_SMXRQFFSNG,AREA_BQSJZKV,CITY_SPUSRK,REGION_ZAQW
SELLER_EPHVPHUNJM,AREA_ASMVVEV,CITY_ERBJXF,REGION_ZMUB
SELLER_LKIJYLSEWI,AREA_AZMJAZM,CITY_NWOLTF,REGION_ZAQW
SELLER_IKMWOOCTDD,AREA_RKQVUMK,CITY_BLLIVZ,REGION_FLVI
SELLER_ZKNKCYFTGL,AREA_PTGQFRK,CITY_FBPPFK,REGION_ZAQW
SELLER_ZITKCATJIL,AREA_EQEKFRR,CITY_GQIOWS,REGION_ZAQW
SELLER_TMYIQIWGNO,AREA_GVJKHLN,CITY_DNOLCW,REGION_SNJF
SELLER_UJPHTBCFIX,AREA_ZQLNRWL,CITY_NWOLTF,REGION_ZAQW
SELLER_MTVGVADHHV,AREA_XABNMPS,CITY_NWOLTF,REGION_ZAQW
SELLER_BBHPLXPKGK,AREA_BTHUYHX,CITY_QICTAX,REGION_ZAQW
SELLER_JCSPEQPXPV,AREA_BVVTFWH,CITY_ITVREA,REGION_ZMUB
SELLER_MOIQOGTNEH,AREA_RSYOZJN,CITY_NWOLTF,REGION_ZAQW
SELLER_BDCERRZTWZ,AREA_YZUEPYY,CITY_WCRPHW,REGION_ZAQW
SELLER_JPJHCTQSMZ,AREA_QURKOAD,CITY_DNOLCW,REGION_SNJF
SELLER_IIZPFPLYZW,AREA_XIJORBM,CITY_KRUHPY,REGION_ZAQW
SELLER_IYCYQCCROM,AREA_DXDGSSI,CITY_ZVLCHW,REGION_ZAQW
SELLER_KHNJIDDCKS,AREA_UOWFDSZ,CITY_NWOLTF,REGION_ZAQW
SELLER_NRLCDTHUYH,AREA_XPJUXKA,CITY_IYTTKK,REGION_ZAQW
SELLER_XBBLWKJIBV,AREA_KUYICZJ,CITY_ZOBQSQ,REGION_ZAQW
SELLER_ZYPPOXQFWZ,AREA_LPXAGUB,CITY_UPLAYW,REGION_ZAQW
SELLER_FEEUSZDQYW,AREA_ZLKBYBR,CITY_DNOLCW,REGION_SNJF
SELLER_ZAIXXLZXNZ,AREA_IAONMUZ,CITY_HMNIHL,REGION_ZAQW
SELLER_OURUCNUZAD,AREA_QGYQHVZ,CITY_LYSTRY,REGION_DYWE
SELLER_YEQCEMCRTM,AREA_IEUPGHY,CITY_EQIIRX,REGION_ZAQW
SELLER_ZPLAKAUEZQ,AREA_WJBHUCE,CITY_SPUSRK,REGION_ZAQW
SELLER_MAZIXKXISO,AREA_SAYFBVV,CITY_OZXJBN,REGION_ZAQW
SELLER_TAEEDZIHSB,AREA_RADELGR,CITY_VDIYEC,REGION_SNJF
SELLER_EPUSJWOTUW,AREA_QZXGWFH,CITY_AUSJMH,REGION_ZAQW
SELLER_OEVMPSWIJU,AREA_FWNNVTO,CITY_DHHUHM,REGION_ZAQW
SELLER_JNZXHNJRZF,AREA_DJAFEMW,CITY_PFBSWO,REGION_ZAQW
SELLER_AJXNKNCYPC,AREA_LMTUDEM,CITY_TLNJQQ,REGION_SNJF
SELLER_JCYSSRGUQE,AREA_DBMVWFL,CITY_YBWPNI,REGION_ZAQW
SELLER_QNCXVMNLBR,AREA_JLZXQHW,CITY_GQIOWS,REGION_ZAQW
SELLER_EFKTLMDKEE,AREA_PHBLNCN,CITY_BYHWVZ,REGION_ZAQW
SELLER_AFNQQCSVAY,AREA_DAIFQDF,CITY_MWYUGF,REGION_ZAQW
SELLER_HSFZAVLQRP,AREA_GMKBWXT,CITY_MFOJHT,REGION_ZAQW
SELLER_WYCTGEXZFD,AREA_LXYPOFF,CITY_QYBIUH,REGION_ZAQW
SELLER_NOCPYRAIDW,AREA_IUORMYC,CITY_NWOLTF,REGION_ZAQW
SELLER_QLBCXCDUIZ,AREA_TAFROTR,CITY_DNOLCW,REGION_SNJF
SELLER_RMXCYBDATL,AREA_WNAVFNI,CITY_NWOLTF,REGION_ZAQW
SELLER_ERTVMQTPSH,AREA_DXVARRP,CITY_SGDOXH,REGION_DYWE
SELLER_AYOVILSQFN,AREA_ZDNWLYR,CITY_GGZELG,REGION_ZAQW
SELLER_HJQYPRZYYM,AREA_VXFLGYU,CITY_GQIOWS,REGION_ZAQW
SELLER_EQABDMCAKE,AREA_BEZZIYT,CITY_GYEGUB,REGION_DJNN
SELLER_CJJTUYQNZY,AREA_YHZEMPS,CITY_NWOLTF,REGION_ZAQW
SELLER_GFGNHBWBCA,AREA_QVCNCWX,CITY_XHCYYT,REGION_ZMUB
SELLER_JOHYRZGBCE,AREA_FXKUEML,CITY_RXBKJH,REGION_ZMUB
SELLER_RZWNCXHUAV,AREA_ZXIMHBJ,CITY_MVQGDB,REGION_WSPK
SELLER_VOQHVAJITJ,AREA_IUWSWMC,CITY_BSXMOY,REGION_SNJF
SELLER_SMIYXCFBIW,AREA_QXPWGVV,CITY_WTWAEW,REGION_WSPK
SELLER_JXMTYNFAEV,AREA_WHBKUBL,CITY_VDIYEC,REGION_SNJF
SELLER_ACMEMFALNM,AREA_QQJAPLG,CITY_ZCSGKJ,REGION_RYAS
SELLER_PVEZBKVOUA,AREA_BNAQZMA,CITY_UHRYYK,REGION_FLVI
SELLER_IJSWXZBEDC,AREA_OUFTVVA,CITY_CUSPLX,REGION_ZAQW
SELLER_YPRBLLZHQB,AREA_MULVPXU,CITY_KVDLFC,REGION_ZAQW
SELLER_FGTOGMBWCQ,AREA_PTVWUIA,CITY_NWOLTF,REGION_ZAQW
SELLER_KCTFAUVXGK,AREA_AFEKFXQ,CITY_GYLMOK,REGION_BQGV
SELLER_YIQLSNXRGK,AREA_OLAQMZY,CITY_IYTTKK,REGION_ZAQW
SELLER_UGDJHAXSWQ,AREA_GVSYGNX,CITY_TLNJQQ,REGION_SNJF
SELLER_LNXKLJCHOL,AREA_QLVHTRC,CITY_ZAYAZD,REGION_ZAQW
SELLER_VOMBRKMWLU,AREA_MVTXVGB,CITY_NWOLTF,REGION_ZAQW
SELLER_WJPSBTQUIQ,AREA_NGNUGAC,CITY_FBCDAU,REGION_SNJF
SELLER_LMRFRBMHIR,AREA_LLWDCKP,CITY_PNHMHH,REGION_ZAQW
SELLER_HJLMZZDMRJ,AREA_ZIDDCXT,CITY_CULFCV,REGION_WSPK
SELLER_CHRVQFKNUX,AREA_VDGSJXS,CITY_XXAUJS,REGION_ZAQW
SELLER_ZWZWKZXLHR,AREA_WWSMBUP,CITY_NWOLTF,REGION_ZAQW
SELLER_FFCJKQMLID,AREA_LMTUDEM,CITY_TLNJQQ,REGION_SNJF
SELLER_SJZOOKZSIE,AREA_OUFTVVA,CITY_CUSPLX,REGION_ZAQW
SELLER_IFRMBWHEDT,AREA_BCSFRQF,CITY_MLCDKW,REGION_ZAQW
SELLER_PXVSVFLXMV,AREA_HYPOQJQ,CITY_NWOLTF,REGION_ZAQW
SELLER_ACVUZLPFCW,AREA_KUAEOWI,CITY_AUSJMH,REGION_ZAQW
SELLER_EKWEYWUTJP,AREA_JKPWVAS,CITY_BEYIXD,REGION_ZAQW
SELLER_LBXWUTRJED,AREA_PXSGIMN,CITY_AFQUYY,REGION_SNJF
SELLER_NBGZSGAEJT,AREA_VXAXPOE,CITY_NWOLTF,REGION_ZAQW
SELLER_JXVFMAYOJY,AREA_XJAIQFZ,CITY_NWOLTF,REGION_ZAQW
SELLER_GFHRXGKUWE,AREA_GUMSPNG,CITY_CULFCV,REGION_WSPK
SELLER_TVKAQMJOXS,AREA_PSOPSQK,CITY_NWOLTF,REGION_ZAQW
SELLER_DXJMNJWTSK,AREA_ISGSYHT,CITY_NWOLTF,REGION_ZAQW
SELLER_ZYBCVUYGHK,AREA_BRBUGBQ,CITY_NWOLTF,REGION_ZAQW
SELLER_XIDJRSAGIU,AREA_FRYCNZE,CITY_CULFCV,REGION_WSPK
SELLER_KBICXMMHVM,AREA_NXRNOQY,CITY_CFMQYO,REGION_WSPK
SELLER_QBZYOXBDAY,AREA_JUYMSEY,CITY_QZOFPC,REGION_ZAQW
SELLER_NSNFTNHKHQ,AREA_LFSUEDR,CITY_NWOLTF,REGION_ZAQW
SELLER_GHEIMOIXWY,AREA_OVYWDCO,CITY_NWOLTF,REGION_ZAQW
SELLER_WYALBCJAMN,AREA_YBODNYV,CITY_GYLMOK,REGION_BQGV
SELLER_YOZOQACGNO,AREA_OLAQMZY,CITY_IYTTKK,REGION_ZAQW
SELLER_FWHTHTJVMH,AREA_DRCGZBY,CITY_IULNFQ,REGION_SNJF
SELLER_OXDNMHZNJD,AREA_LEPHVJA,CITY_NWOLTF,REGION_ZAQW
SELLER_CLMRFDPSYN,AREA_UTGTBSW,CITY_YLPNUX,REGION_ZAQW
SELLER_LWYCVZJKTY,AREA_OLUTZAG,CITY_GQIOWS,REGION_ZAQW
SELLER_KZQFIHPZMR,AREA_CPNXNNF,CITY_XHCYYT,REGION_ZMUB
SELLER_WXRHTMQHOU,AREA_INDIHRL,CITY_DBGGKW,REGION_SNJF
SELLER_NYGNEECIIP,AREA_OUFTVVA,CITY_CUSPLX,REGION_ZAQW
SELLER_OCSXBHMKNZ,AREA_KSICXLZ,CITY_SGDOXH,REGION_DYWE
SELLER_UTWUANAOHZ,AREA_ITYWIAK,CITY_CQKTMH,REGION_ZAQW
SELLER_JVDFHHPWKB,AREA_MJJRSQS,CITY_WEKLLH,REGION_ZAQW
SELLER_YMSPKKVWXO,AREA_EBUIGYP,CITY_CULFCV,REGION_WSPK
SELLER_MYMAMAPAII,AREA_QCQKYFP,CITY_UKOMMM,REGION_ZAQW
SELLER_PSIYGKEUMR,AREA_VQGSKZM,CITY_TQSXZP,REGION_ZAQW
SELLER_PWIZRPBDVS,AREA_CTQLCAD,CITY_MPSUZF,REGION_ZAQW
SELLER_HYKTQKNGAS,AREA_RHZOFJY,CITY_NWOLTF,REGION_ZAQW
SELLER_GDBCFEHRHJ,AREA_OUFTVVA,CITY_CUSPLX,REGION_ZAQW
SELLER_RTUJILNCBE,AREA_ZBQREOU,CITY_WBAZQV,REGION_ZMUB
SELLER_EGKJOUQTEX,AREA_CWZHFUH,CITY_UUXQWC,REGION_ZMUB
SELLER_PKYXTJRVHH,AREA_QHFKIHC,CITY_NWOLTF,REGION_ZAQW
SELLER_YXVXBYPFKT,AREA_ARGPITD,CITY_VNHCNX,REGION_ZAQW
SELLER_VDYDPHTPEC,AREA_SDUNPFQ,CITY_DVPLFO,REGION_ZAQW
SELLER_JJMSMZTGRS,AREA_FIJCCDZ,CITY_NWOLTF,REGION_ZAQW
SELLER_GBHXEVMTDS,AREA_DWHCCCT,CITY_KWGILU,REGION_ZAQW
SELLER_RMGKQYDMAP,AREA_LFSUEDR,CITY_NWOLTF,REGION_ZAQW
SELLER_WGTZOYONXU,AREA_SPWQEMP,CITY_GUSTDH,REGION_SNJF
SELLER_IXCXAILNAP,AREA_AQMRDIV,CITY_DHHUHM,REGION_ZAQW
SELLER_CNQRPKUSPF,AREA_EBGQPSL,CITY_IYTTKK,REGION_ZAQW
SELLER_OMXXWXQQQI,AREA_OEWPZCO,CITY_NWOLTF,REGION_ZAQW
SELLER_UOIZWWKAMH,AREA_NNOSFRR,CITY_KVDLFC,REGION_ZAQW
SELLER_CBZLYFJLRF,AREA_ETOUEXQ,CITY_WFYJDW,REGION_CGSL
SELLER_MJEPKRZEAY,AREA_GAOCUCM,CITY_NWOLTF,REGION_ZAQW
SELLER_XCRCGHGGIF,AREA_QTEDPZV,CITY_CBOUJN,REGION_FLVI
SELLER_YPYRAOBHHP,AREA_VXFLGYU,CITY_GQIOWS,REGION_ZAQW
SELLER_OWGTQFKVXQ,AREA_MSLMMHZ,CITY_CULFCV,REGION_WSPK
SELLER_OUTRDHUTOL,AREA_EFAKWEX,CITY_KRUHPY,REGION_ZAQW
SELLER_PXIDJOFZKF,AREA_BNYPTFA,CITY_FKUCFC,REGION_ZAQW
SELLER_JVRBFMQYAA,AREA_IRBXBDH,CITY_WUEFEU,REGION_SNJF
SELLER_CSMUVHTTDU,AREA_VDLDARI,CITY_QDRBWP,REGION_SNJF
SELLER_HJWYPKBDQM,AREA_WAKGPBM,CITY_QFAIUM,REGION_SNJF
SELLER_BDUOIYYOME,AREA_IIRLKSE,CITY_AMLRME,REGION_FLVI
SELLER_FSBPRJFSLJ,AREA_ZDPWIDW,CITY_NWOLTF,REGION_ZAQW
SELLER_NSIGDSQVGN,AREA_VYUNKYP,CITY_VBOWYP,REGION_ZMUB
SELLER_UXWSZLMQWF,AREA_XSLHEQM,CITY_UCVIOR,REGION_DYWE
SELLER_FJJJKLOORI,AREA_DCNOTJC,CITY_BYHMNH,REGION_SNJF
SELLER_ZENEGPTEWC,AREA_LAQTAEN,CITY_CULFCV,REGION_WSPK
SELLER_WMRSDZWTCW,AREA_RVZBBPT,CITY_FKDAWU,REGION_ZAQW
SELLER_GGLEORFIKG,AREA_YBVYRLX,CITY_EEXIJQ,REGION_SNJF
SELLER_IVFWXLIWNC,AREA_TOEJIJP,CITY_DNOLCW,REGION_SNJF
SELLER_ZRIJKTNMKB,AREA_CZCTBYW,CITY_NWOLTF,REGION_ZAQW
SELLER_WOPZCJIBTH,AREA_INEOXGD,CITY_NWOLTF,REGION_ZAQW
SELLER_MKOLYCFKIZ,AREA_TAFROTR,CITY_DNOLCW,REGION_SNJF
SELLER_YIAUOBHUUF,AREA_OUFTVVA,CITY_CUSPLX,REGION_ZAQW
SELLER_CZKFBBEKVC,AREA_ZRYMDTU,CITY_HMNIHL,REGION_ZAQW
SELLER_HHFPEVYDHH,AREA_LQEYWTA,CITY_SGDOXH,REGION_DYWE
SELLER_MLUSRFIOMM,AREA_RLPLMRX,CITY_NWOLTF,REGION_ZAQW
SELLER_KRHMUIDWSQ,AREA_MJLRKBY,CITY_HMNIHL,REGION_ZAQW
SELLER_GINZWFSHCE,AREA_ZGUKHEZ,CITY_IXLDRA,REGION_ZAQW
SELLER_TPAYTKELUQ,AREA_WAUOHQH,CITY_KRUHPY,REGION_ZAQW
SELLER_PHYEWFQZBH,AREA_FYLTQED,CITY_WEKLLH,REGION_ZAQW
SELLER_RXUSXBFZKL,AREA_KWVGZIG,CITY_MITIFZ,REGION_DYWE
SELLER_IXTBDCFGCY,AREA_ZLWVZZM,CITY_ZQXMTZ,REGION_SNJF
SELLER_YWQFDHTIBW,AREA_HLZYIDY,CITY_KRUHPY,REGION_ZAQW
SELLER_ZVCKPARVWA,AREA_FFXVOYJ,CITY_AHOHDS,REGION_ZAQW
SELLER_CUZEKVLCXQ,AREA_UBVTKBC,CITY_AFHMOS,REGION_ZAQW
SELLER_PBDURUMQHE,AREA_VFUYEHQ,CITY_JSSLNJ,REGION_ZAQW
SELLER_CIWMHPVEFL,AREA_OUFTVVA,CITY_CUSPLX,REGION_ZAQW
SELLER_GDGXSJGBJL,AREA_QVBJHDB,CITY_OYWKEL,REGION_ZMUB
SELLER_FQCRMWEGLP,AREA_PBMDOVE,CITY_CULFCV,REGION_WSPK
SELLER_FPBOAMDCTW,AREA_JLCHIXJ,CITY_JKJYNS,REGION_ZAQW
SELLER_HZNQGHQCNP,AREA_RHWWYYU,CITY_EEXIJQ,REGION_SNJF
SELLER_MDPEBBVSXT,AREA_NNVVZQN,CITY_GGOFHE,REGION_WSPK
SELLER_LXAYHQHJVU,AREA_DDJHQOQ,CITY_SPUSRK,REGION_ZAQW
SELLER_QGUPKCPSRQ,AREA_IARTBCT,CITY_NWOLTF,REGION_ZAQW
SELLER_FJOMLJJBHQ,AREA_XISQIPM,CITY_NWOLTF,REGION_ZAQW
SELLER_LRRKSTBIUJ,AREA_JCDSMOA,CITY_AFQUYY,REGION_SNJF
SELLER_RWEOWXXGNK,AREA_ZIKQVWY,CITY_ZCCYBJ,REGION_ZAQW
SELLER_OXMBGGILSE,AREA_EFAKWEX,CITY_KRUHPY,REGION_ZAQW
SELLER_WCWKQNMZOL,AREA_FCZENKQ,CITY_KRUHPY,REGION_ZAQW
SELLER_TDJXZODFGH,AREA_YQMMZCA,CITY_ZOMIFN,REGION_ZAQW
SELLER_JJDQCLKFDD,AREA_GTGRSCH,CITY_NWOLTF,REGION_ZAQW
SELLER_EMTASWSXGI,AREA_KCNZLKI,CITY_AHPFPG,REGION_ZAQW
SELLER_HUQQNATAEE,AREA_VTERDNY,CITY_EGDDOK,REGION_ZMUB
SELLER_NRIGLBLZKY,AREA_NNKRGST,CITY_NWOLTF,REGION_ZAQW
SELLER_BOAVETTQAM,AREA_HDQQHAB,CITY_OYUOYO,REGION_ZAQW
SELLER_QVELLXFAMT,AREA_LLMSFQL,CITY_ZOBQSQ,REGION_ZAQW
SELLER_YYFWJTZGVK,AREA_SJDAWDG,CITY_NJNEQR,REGION_ZAQW
SELLER_WENJSTEVTX,AREA_YARQWNV,CITY_NWOLTF,REGION_ZAQW
SELLER_QKMMLTDHHY,AREA_SNMSANT,CITY_AHOHDS,REGION_ZAQW
SELLER_LUTJUPXOTK,AREA_HRAJSQV,CITY_JNLGOY,REGION_ZAQW
SELLER_TDLLIWCQRJ,AREA_ITEXEFS,CITY_OWQVHU,REGION_FLVI
SELLER_WJXWTXGLRJ,AREA_KAPXAKZ,CITY_NWOLTF,REGION_ZAQW
SELLER_CMCHVLTVMR,AREA_TCHJKTE,CITY_ZVLCHW,REGION_ZAQW
SELLER_LXQEQKJEUO,AREA_YWEOZLX,CITY_AHPFPG,REGION_ZAQW
SELLER_LGOULJDXOS,AREA_BMAOHBL,CITY_NWOLTF,REGION_ZAQW
SELLER_JHAMSGWQHH,AREA_GLAWFRK,CITY_XHCYYT,REGION_ZMUB
SELLER_QRKVIRRTGJ,AREA_ZNZUKYL,CITY_VHDBSN,REGION_SNJF
SELLER_JBGIQFYUDU,AREA_OUFTVVA,CITY_CUSPLX,REGION_ZAQW
SELLER_XYIFHRNJFZ,AREA_MCASEZP,CITY_RBDEAA,REGION_ZAQW
SELLER_PBAXOSBDYD,AREA_ZJDTMTB,CITY_EJDIAY,REGION_WSPK
SELLER_DMOYUPJQHN,AREA_NPDLKAK,CITY_AFQUYY,REGION_SNJF
SELLER_OIKIOSBZFQ,AREA_RVYALQQ,CITY_JXBCPN,REGION_ZDZK
SELLER_CJMXZRFXRC,AREA_UOZVWBV,CITY_XSYNNB,REGION_ZMUB
SELLER_PTJXCIBUZH,AREA_GAOAOFE,CITY_ZHZQSV,REGION_ZAQW
SELLER_LVCIHVKOXK,AREA_IUHWDXW,CITY_ROJJRW,REGION_ZAQW
SELLER_TVJZEZDGXK,AREA_CHRZIFD,CITY_TSMMUV,REGION_WSPK
SELLER_SSPRYTYQFD,AREA_IYAVEVB,CITY_MFOJHT,REGION_ZAQW
SELLER_CHOJXVZRED,AREA_MSLMMHZ,CITY_CULFCV,REGION_WSPK
SELLER_ULUEDZRYEC,AREA_VQZIRXP,CITY_XMDDCU,REGION_DYWE
SELLER_GRATRJMFLW,AREA_MODTBFZ,CITY_DHHUHM,REGION_ZAQW
SELLER_WDFUFGHCQH,AREA_NLBYJAA,CITY_CZHFQZ,REGION_FLVI
SELLER_XJMPQYDRDT,AREA_OUFTVVA,CITY_CUSPLX,REGION_ZAQW
SELLER_OZZFDGVPPN,AREA_WFBUMTG,CITY_MHDJAV,REGION_ZAQW
SELLER_XFHTQFZJVK,AREA_UAQGYCU,CITY_YLPNUX,REGION_ZAQW
SELLER_GOAHEFGKPT,AREA_RNKXHKL,CITY_CBOUJN,REGION_FLVI
SELLER_UDVUUPQUEA,AREA_PMUDYEM,CITY_ARIRQL,REGION_WSPK
SELLER_IPYLHJDFBG,AREA_YHSFIHF,CITY_IYTTKK,REGION_ZAQW
SELLER_JDDTUKTKZK,AREA_RELWLWI,CITY_YSFTPB,REGION_ZAQW
SELLER_DEZCHQICIM,AREA_NNXPKLS,CITY_EJUDZO,REGION_FLVI
SELLER_APEHKHZBXD,AREA_FQIZNIN,CITY_KAUUJI,REGION_RYAS
SELLER_MFRSTJJPOF,AREA_PYCWASG,CITY_GGZELG,REGION_ZAQW
SELLER_LTZKXVRVWE,AREA_QNAVVCD,CITY_DMJFEI,REGION_MWXH
SELLER_KIBEHDKZRY,AREA_BREJLIL,CITY_VEPPLO,REGION_FLVI
SELLER_MMITVDIEKT,AREA_JGEIGHQ,CITY_ZOBQSQ,REGION_ZAQW
SELLER_LIXECIVRMC,AREA_IRBXBDH,CITY_WUEFEU,REGION_SNJF
SELLER_TWOSSUYWMO,AREA_AWTHTTJ,CITY_NWOLTF,REGION_ZAQW
SELLER_HWMCIRMGXX,AREA_YXCOSTR,CITY_AAUISU,REGION_ZMUB
SELLER_PBBFFSEOQH,AREA_UDWKIRS,CITY_EDZHRV,REGION_ZAQW
SELLER_MBBAKBRPOV,AREA_XDCOACB,CITY_IOOCAQ,REGION_DYWE
SELLER_FPTMFQJNFH,AREA_TRHFCAA,CITY_NWOLTF,REGION_ZAQW
SELLER_EZPPADUJCP,AREA_CJAPRTS,CITY_DNOLCW,REGION_SNJF
SELLER_IJZFWQFFCZ,AREA_CUTKFVA,CITY_DNOLCW,REGION_SNJF
SELLER_OESFMUYRVK,AREA_OQILFUF,CITY_XHCYYT,REGION_ZMUB
SELLER_YRZAVHLNYC,AREA_RXMPFPU,CITY_KUIXXC,REGION_FLVI
SELLER_WYYQUWVZWD,AREA_GOLTLEZ,CITY_LMESNL,REGION_DYWE
SELLER_YSXENIAYSK,AREA_EMYFDPP,CITY_EDZHRV,REGION_ZAQW
SELLER_RTBVUUHKEQ,AREA_TYTZVVH,CITY_HMNIHL,REGION_ZAQW
SELLER_HXTYQFSMHL,AREA_ZQEBEYP,CITY_IOOCAQ,REGION_DYWE
SELLER_MLDNMRLGPF,AREA_ZHJVPCZ,CITY_IYTTKK,REGION_ZAQW
SELLER_RWTHYHDICC,AREA_QJPLWIS,CITY_XHCYYT,REGION_ZMUB
SELLER_REGSAEARFH,AREA_PUOPZUJ,CITY_GXUZCS,REGION_ZAQW
SELLER_KYPCTOSLFN,AREA_ZXFUYIG,CITY_ZKHEDP,REGION_CGSL
SELLER_RUAGPKYOFG,AREA_FGTWLUA,CITY_JOOELX,REGION_DYWE
SELLER_WTXNUBVRMP,AREA_UFKYZSP,CITY_BYHMNH,REGION_SNJF
SELLER_FYBLVXNOMI,AREA_COIJZBW,CITY_QZOFPC,REGION_ZAQW
SELLER_HTBOGPHHZJ,AREA_ZDNWLYR,CITY_GGZELG,REGION_ZAQW
SELLER_MEVLATUDGY,AREA_PDGZXMG,CITY_HWRZOY,REGION_ZAQW
SELLER_UTTTTLPOBA,AREA_BRBUGBQ,CITY_NWOLTF,REGION_ZAQW
SELLER_MHMKYKUPTX,AREA_HBSNEZQ,CITY_MSPEBI,REGION_FLVI
SELLER_QRUADTAFTO,AREA_XGRLGRA,CITY_ZAYAZD,REGION_ZAQW
SELLER_QFRAWJZYMF,AREA_VVUKIMY,CITY_CULFCV,REGION_WSPK
SELLER_ZJXKCLEGZN,AREA_VXFLGYU,CITY_GQIOWS,REGION_ZAQW
SELLER_STSXQYKBNJ,AREA_IVTQSNF,CITY_NWOLTF,REGION_ZAQW
SELLER_JLTSWDOZEW,AREA_IYIMFHM,CITY_NWOLTF,REGION_ZAQW
SELLER_WXLEMPKUOS,AREA_DUWJXXQ,CITY_NWOLTF,REGION_ZAQW
SELLER_CDFHVPNZEA,AREA_TQXARSY,CITY_BYHMNH,REGION_SNJF
SELLER_AOOGWJCDKZ,AREA_VNCSTZH,CITY_NWOLTF,REGION_ZAQW
SELLER_TFBDJWOAOC,AREA_GOPHPDL,CITY_VILEUX,REGION_CGSL
SELLER_NSLWSYSJVJ,AREA_SFELUSL,CITY_GQIOWS,REGION_ZAQW
SELLER_KLPKRLCUOC,AREA_WUDHHAX,CITY_OZXJBN,REGION_ZAQW
SELLER_PRGEOSMLGJ,AREA_URNDZTC,CITY_ARIRQL,REGION_WSPK
SELLER_HSUGEBMXRW,AREA_VIKHCIN,CITY_NWOLTF,REGION_ZAQW
SELLER_AZBVJSUWWJ,AREA_ZRYMDTU,CITY_HMNIHL,REGION_ZAQW
SELLER_LQQDTRXOYD,AREA_PMHPMMC,CITY_BYHMNH,REGION_SNJF
SELLER_NXQFSTLDVO,AREA_VXJVTOI,CITY_QQZGQR,REGION_ZAQW
SELLER_QNHORYNULG,AREA_XIKVCKA,CITY_IYTTKK,REGION_ZAQW
SELLER_ZOZPTAIDGT,AREA_IYGURLK,CITY_NWOLTF,REGION_ZAQW
SELLER_LOUSUZUYQP,AREA_TGPAVTT,CITY_NWOLTF,REGION_ZAQW
SELLER_XUJXQZPYOT,AREA_MROOLYP,CITY_NWOLTF,REGION_ZAQW
SELLER_GLDQVGJFSB,AREA_RLXCLLP,CITY_NWOLTF,REGION_ZAQW
SELLER_EHPYEWGAPC,AREA_XIXMYIC,CITY_NMFTZH,REGION_SNJF
SELLER_LUPMWRKMFW,AREA_OTXHQST,CITY_JXBCPN,REGION_ZDZK
SELLER_QGTMPCUHWB,AREA_DZQRWZM,CITY_LMFTUI,REGION_RYAS
SELLER_CAMMXLOTLG,AREA_TPMPFSE,CITY_NWOLTF,REGION_ZAQW
SELLER_SPUWNGZJAX,AREA_BTVPJOF,CITY_XHCYYT,REGION_ZMUB
SELLER_IJJUCSGPFE,AREA_KVSEZHZ,CITY_CULFCV,REGION_WSPK
SELLER_OOWMKAWZLK,AREA_YENLIXV,CITY_NWOLTF,REGION_ZAQW
SELLER_TGSCXJFPJJ,AREA_SZOZBVC,CITY_NWOLTF,REGION_ZAQW
SELLER_MATQNCDIGC,AREA_GHAYAXN,CITY_NWOLTF,REGION_ZAQW
SELLER_JTCIFCIEJP,AREA_AMVXFRF,CITY_QWQKKI,REGION_ZAQW
SELLER_NNFYKQQQZO,AREA_OUFTVVA,CITY_CUSPLX,REGION_ZAQW
SELLER_XYIEAFDUUT,AREA_XJAIQFZ,CITY_NWOLTF,REGION_ZAQW
SELLER_IHQXOLTKDU,AREA_XVRGRTL,CITY_WVUIYR,REGION_FLVI
SELLER_BFLYXPUERC,AREA_OFNFRDI,CITY_AHAGBS,REGION_ZAQW
SELLER_DBWQXNUWPH,AREA_GQYOTAN,CITY_TKTOVT,REGION_ZAQW
SELLER_CYOLRMADYY,AREA_AGJATLE,CITY_WBAZQV,REGION_ZMUB
SELLER_ERBYZTLXDR,AREA_QVFTGBX,CITY_CZHFQZ,REGION_FLVI
SELLER_CFZNSCBTKM,AREA_VQJFXQT,CITY_XHCYYT,REGION_ZMUB
SELLER_BRPUDBJYIA,AREA_EGCRUSM,CITY_NWOLTF,REGION_ZAQW
SELLER_TWTHHDVEOV,AREA_OQMSROU,CITY_AHOHDS,REGION_ZAQW
SELLER_ELIQGRQPMA,AREA_JEQTEOP,CITY_DXVWWU,REGION_FLVI
SELLER_IAINHAAKEE,AREA_IXZNNZA,CITY_NWOLTF,REGION_ZAQW
SELLER_JOKGPIIAHG,AREA_PMEKGYT,CITY_KWGILU,REGION_ZAQW
SELLER_XJSEEVOCHZ,AREA_WPTNAEV,CITY_NWOLTF,REGION_ZAQW
SELLER_YQHOOOQEQH,AREA_LCJQBTK,CITY_EWLBKK,REGION_SNJF
SELLER_ARMJPFSMAS,AREA_GDADIUS,CITY_GQIOWS,REGION_ZAQW
SELLER_LZBSHAHYXE,AREA_PUTVHZR,CITY_RABDLX,REGION_ZAQW
SELLER_SKLYOTVLCF,AREA_ZVSOLQU,CITY_VUDLER,REGION_SNJF
SELLER_BRQEKVRYJW,AREA_YJNCAQH,CITY_KSOMZA,REGION_LAHW
SELLER_HJWZYLBIIN,AREA_TTIKZCS,CITY_IYTTKK,REGION_ZAQW
SELLER_HYLUJZNONN,AREA_OXIYPYD,CITY_DHHUHM,REGION_ZAQW
SELLER_HRSFKGKBWA,AREA_ZYTCDFZ,CITY_JJBFOR,REGION_ZMUB
SELLER_WTSWNYXHRL,AREA_LRCHVZM,CITY_ROJJRW,REGION_ZAQW
SELLER_WJFBJZMVJU,AREA_BUZRRYN,CITY_WUEFEU,REGION_SNJF
SELLER_RGUPTJJWFO,AREA_FTBGAJE,CITY_NWOLTF,REGION_ZAQW
SELLER_FZIXLOSMDQ,AREA_IUTVKNK,CITY_NWOLTF,REGION_ZAQW
SELLER_GRRXLVMMLW,AREA_IKIZYKP,CITY_XHCYYT,REGION_ZMUB
SELLER_XMBBAULXVM,AREA_LYZXKLI,CITY_ZVLCHW,REGION_ZAQW
SELLER_TTMSNDQBVT,AREA_NCAYCVM,CITY_FKDAWU,REGION_ZAQW
SELLER_AXBDWKZNFD,AREA_NIAOAVC,CITY_KZNUEP,REGION_ZAQW
SELLER_WKIFVSGNUJ,AREA_RQEMFRX,CITY_AHAGBS,REGION_ZAQW
SELLER_SMCINKEMTH,AREA_YEIQJKA,CITY_SCWTZL,REGION_ZAQW
SELLER_ZPOKOJPGJH,AREA_ZYXFLNE,CITY_LZBLJO,REGION_ZMUB
SELLER_FWQCCUFKCV,AREA_DSHLPNH,CITY_XHCYYT,REGION_ZMUB
SELLER_CNBRQFMQEW,AREA_ELACJVE,CITY_NWOLTF,REGION_ZAQW
SELLER_TGXGODRWXI,AREA_GVPTSWY,CITY_ZKHEDP,REGION_CGSL
SELLER_GBOAULAMIV,AREA_EVZISTO,CITY_NWOLTF,REGION_ZAQW
SELLER_KNZSQZTMLK,AREA_ONNTEWS,CITY_NWOLTF,REGION_ZAQW
SELLER_PNQOLCHPMV,AREA_OHLRQXQ,CITY_OJRCIF,REGION_ZAQW
SELLER_QZJHUESCHV,AREA_LLMSFQL,CITY_ZOBQSQ,REGION_ZAQW
SELLER_UFKWZJMORA,AREA_GWBGMMT,CITY_XLMDLP,REGION_ZAQW
SELLER_DABBGGCOJW,AREA_KXDJERG,CITY_NWOLTF,REGION_ZAQW
SELLER_SSSGDKHSPV,AREA_LWVOXNH,CITY_NWOLTF,REGION_ZAQW
SELLER_PTTPZJKJJR,AREA_FQRZXYC,CITY_KRUHPY,REGION_ZAQW
SELLER_EGOXVPMWRT,AREA_ZYUFZED,CITY_WTPFGU,REGION_ZAQW
SELLER_YBYKZEBCZL,AREA_OWPARRR,CITY_MLCDKW,REGION_ZAQW
SELLER_VMMYYDEAVB,AREA_VOTVNMD,CITY_XHCYYT,REGION_ZMUB
SELLER_HSHILVZACJ,AREA_KIWZWNY,CITY_VXTPRC,REGION_RYAS
SELLER_JVZDLRBGAS,AREA_HJGJUAQ,CITY_ZKHEDP,REGION_CGSL
SELLER_ZBBDXVMTIH,AREA_DIMHGAV,CITY_CVLMPK,REGION_ZMUB
SELLER_IRRFAASZBN,AREA_LPXAGUB,CITY_UPLAYW,REGION_ZAQW
SELLER_MVJBBYEZWD,AREA_MHAQWRR,CITY_NWOLTF,REGION_ZAQW
SELLER_YLYWWUXMUK,AREA_BHDTOUV,CITY_DNOLCW,REGION_SNJF
SELLER_FMEFJOWVYQ,AREA_FEGGLGR,CITY_NWOLTF,REGION_ZAQW
SELLER_FCVTXBTNMS,AREA_WEWWUUG,CITY_ZKHEDP,REGION_CGSL
SELLER_VFHKOMLPWG,AREA_JXOIYCZ,CITY_NWOLTF,REGION_ZAQW
SELLER_QYTLLDXIGB,AREA_OORAZJF,CITY_NWOLTF,REGION_ZAQW
SELLER_AOJKGMSEDK,AREA_HFZNJXZ,CITY_NWOLTF,REGION_ZAQW
SELLER_KPCXWXTGLS,AREA_KGCSCMA,CITY_RUDVCV,REGION_ZAQW
SELLER_WJSJXJALHA,AREA_MXKUEFR,CITY_MFOJHT,REGION_ZAQW
SELLER_ZSUKTPRSYU,AREA_OPKCBWQ,CITY_DTUQYQ,REGION_ZDZK
SELLER_XNYDJMWKYX,AREA_ATMZONL,CITY_MYYEJC,REGION_ZMUB
SELLER_SZUQEYSYHH,AREA_ADMCMPO,CITY_GYLMOK,REGION_BQGV
SELLER_JLILIPNHUF,AREA_GDDGWCI,CITY_WGGANE,REGION_ZAQW
SELLER_YYDJVQBIFP,AREA_EUXFRFL,CITY_NWOLTF,REGION_ZAQW
SELLER_YTQPNFEQSJ,AREA_FQRZXYC,CITY_KRUHPY,REGION_ZAQW
SELLER_QIWXPZKVUU,AREA_AORMORC,CITY_NWOLTF,REGION_ZAQW
SELLER_PJLPDWFBQQ,AREA_NERCNKH,CITY_NWOLTF,REGION_ZAQW
SELLER_PJGWODYSFQ,AREA_IPCROEG,CITY_QVSUET,REGION_ZAQW
SELLER_UKZUPOLYJA,AREA_DAENZKF,CITY_NWOLTF,REGION_ZAQW
SELLER_UUODRWAXJA,AREA_GAHHRDU,CITY_NWOLTF,REGION_ZAQW
SELLER_YXNOAYCSCB,AREA_KKZUYJO,CITY_GQIOWS,REGION_ZAQW
SELLER_PJMMTZXYJM,AREA_LXPCNCC,CITY_RUDVCV,REGION_ZAQW
SELLER_HMZKGFMXYH,AREA_BXDDVZO,CITY_CZHFQZ,REGION_FLVI
SELLER_HQKNYOOYXC,AREA_OPRIHEZ,CITY_RUDVCV,REGION_ZAQW
SELLER_IUDIDIDJDX,AREA_HUVKUCE,CITY_ZVLCHW,REGION_ZAQW
SELLER_UITMVFJGWT,AREA_WMXDAPK,CITY_ZGDZZY,REGION_SNJF
SELLER_NEXLEWBPCQ,AREA_IJCSBLQ,CITY_ZXEZBR,REGION_ZAQW
SELLER_YQXZYCGFKY,AREA_RAKFLIV,CITY_NWOLTF,REGION_ZAQW
SELLER_PUZERZQSWW,AREA_ITEEEDB,CITY_NWOLTF,REGION_ZAQW
SELLER_OQMTXJJTPU,AREA_IYUWXIC,CITY_DNOLCW,REGION_SNJF
SELLER_UAKWYVGLZS,AREA_ELWCWQS,CITY_NWOLTF,REGION_ZAQW
SELLER_YCXURQRJNR,AREA_ZUXHNAU,CITY_NWOLTF,REGION_ZAQW
SELLER_KTJPTNMAOB,AREA_EWLVAOH,CITY_XHCYYT,REGION_ZMUB
SELLER_NPLTIXMWXJ,AREA_XGRLGRA,CITY_ZAYAZD,REGION_ZAQW
SELLER_ZZICCINKYY,AREA_ILYSQNY,CITY_RBDEAA,REGION_ZAQW
SELLER_FBCMRVQNKN,AREA_CNZCZZN,CITY_HMNIHL,REGION_ZAQW
SELLER_GQMCYXWJPW,AREA_YQTKART,CITY_WPXXVS,REGION_ZAQW
SELLER_UAEZRECVAB,AREA_MCJODWB,CITY_FBPPFK,REGION_ZAQW
SELLER_ROHKDHBMSF,AREA_JVLZJIJ,CITY_CZHFQZ,REGION_FLVI
SELLER_OHDCGKVOIJ,AREA_OYMSNKN,CITY_CULFCV,REGION_WSPK
SELLER_YTQYFBDLAG,AREA_ZLNOKLR,CITY_MLCDKW,REGION_ZAQW
SELLER_GIQWYFVAJJ,AREA_XCTRBDI,CITY_NWOLTF,REGION_ZAQW
SELLER_LBZZASZATR,AREA_AXPJPGA,CITY_NMFTZH,REGION_SNJF
SELLER_PFQSRYQEMV,AREA_AYJIKCM,CITY_CONIGB,REGION_ZAQW
SELLER_TZZUIZUWTX,AREA_PKKOHDC,CITY_ITGPBI,REGION_DCUP
SELLER_UVZPSJNIAU,AREA_JRSSLHH,CITY_CULFCV,REGION_WSPK
SELLER_ZHBLDMPIZV,AREA_TESYECQ,CITY_IQRXJK,REGION_ZMUB
SELLER_IUDBGBWTCE,AREA_QBNWNCF,CITY_AFQUYY,REGION_SNJF
SELLER_EHUNZKJSCM,AREA_RTDIUNU,CITY_NWOLTF,REGION_ZAQW
SELLER_ZLOIOONACN,AREA_TEVJMMJ,CITY_NWOLTF,REGION_ZAQW
SELLER_ZFQTQJCZWT,AREA_KTZILTY,CITY_AFQUYY,REGION_SNJF
SELLER_AEAUPRNTGP,AREA_ZJPHPBY,CITY_ATZVPG,REGION_ZAQW
SELLER_HSPZREVAZQ,AREA_OQERXGA,CITY_WCRPHW,REGION_ZAQW
SELLER_OULMSDRCNL,AREA_EBUIGYP,CITY_CULFCV,REGION_WSPK
SELLER_KWDUMGYTAV,AREA_NIXEZQE,CITY_CILJXC,REGION_WSPK
SELLER_WVPZFQEFKI,AREA_FDTECTJ,CITY_KRUHPY,REGION_ZAQW
SELLER_XXODOIJCFF,AREA_BNYDSSW,CITY_NWOLTF,REGION_ZAQW
SELLER_KEGBRSHUEC,AREA_CZCTBYW,CITY_NWOLTF,REGION_ZAQW
SELLER_FQEXCWDAOV,AREA_UQYPVDB,CITY_ZKHEDP,REGION_CGSL
SELLER_UTFUQCCSWH,AREA_CLIJSRK,CITY_DHHUHM,REGION_ZAQW
SELLER_THKEPWFOUC,AREA_VTKMUCE,CITY_NWOLTF,REGION_ZAQW
SELLER_VQIMLISHZL,AREA_COPCQWL,CITY_NWOLTF,REGION_ZAQW
SELLER_QTDTBCTHJQ,AREA_FOIQGII,CITY_JXBCPN,REGION_ZDZK
SELLER_NLHSPOYKYM,AREA_BTVPJOF,CITY_XHCYYT,REGION_ZMUB
SELLER_YCYHIGOTCT,AREA_EFGLPTV,CITY_ETWWTX,REGION_ZMUB
SELLER_KRTACNZGEW,AREA_VTNWIWP,CITY_AFQUYY,REGION_SNJF
SELLER_CNGIGMQDHM,AREA_UNOVYUL,CITY_ZOBQSQ,REGION_ZAQW
SELLER_WMLZLBUHMM,AREA_BCBBEKV,CITY_NWOLTF,REGION_ZAQW
SELLER_CWFCHNWZVO,AREA_XACQJZQ,CITY_TECICW,REGION_ZMUB
SELLER_RASZQVVVXG,AREA_CLWKHOR,CITY_KECYUL,REGION_ZAQW
SELLER_MMUXJZLUHC,AREA_VSQHZCU,CITY_NWOLTF,REGION_ZAQW
SELLER_ODGUNUWFKS,AREA_REZKABJ,CITY_CVLMPK,REGION_ZMUB
SELLER_KKAUOBSZXW,AREA_CNLUUIP,CITY_CRMZOH,REGION_DYWE
SELLER_PGSXMEIKMO,AREA_NQZZSTW,CITY_SCHYNQ,REGION_ZAQW
SELLER_BTAVCITTLD,AREA_WJHPKEH,CITY_MYYEJC,REGION_ZMUB
SELLER_SWYAIXRGNG,AREA_OQFDEBR,CITY_DNOLCW,REGION_SNJF
SELLER_NZISTERAXL,AREA_RKNBZPG,CITY_IYTTKK,REGION_ZAQW
SELLER_PBCKFUZZLN,AREA_PWYGJCH,CITY_UKUMLA,REGION_SNJF
SELLER_MDDSITJSQI,AREA_OQISNXF,CITY_NWOLTF,REGION_ZAQW
SELLER_JJUNKFZHON,AREA_AZXYGEJ,CITY_VDIYEC,REGION_SNJF
SELLER_DQTQJVGWLG,AREA_FKVAUVX,CITY_XHCYYT,REGION_ZMUB
SELLER_TEVJQIQUIQ,AREA_DMYKNPQ,CITY_XYPOZW,REGION_ZAQW
SELLER_TDJQXMUXQC,AREA_XZOWYFU,CITY_BOTETU,REGION_SNJF
SELLER_QWLMKSCIIV,AREA_DXXFWNN,CITY_NWOLTF,REGION_ZAQW
SELLER_RIPEWKYFAU,AREA_ZVOCYBO,CITY_OZXJBN,REGION_ZAQW
SELLER_QZAFMRWMZE,AREA_UBRGXWL,CITY_HKSTWV,REGION_ZAQW
SELLER_VTIUATTXQX,AREA_FPZKKWK,CITY_TKTOVT,REGION_ZAQW
SELLER_EVXMQYGYSO,AREA_GAGRALH,CITY_AUSJMH,REGION_ZAQW
SELLER_WDPZCPEMQQ,AREA_HBGLKFZ,CITY_EVODDQ,REGION_ZAQW
SELLER_SFBHQBGFOE,AREA_GOMYQLA,CITY_ZOBQSQ,REGION_ZAQW
SELLER_ULITRNTXWE,AREA_HPZDHGB,CITY_QWQKKI,REGION_ZAQW
SELLER_CKEXAGMFQF,AREA_ZYUFZED,CITY_WTPFGU,REGION_ZAQW
SELLER_WZTUOORVQM,AREA_KEWAULB,CITY_RXNPED,REGION_WSPK
SELLER_ZXQRGWGYBD,AREA_XTAPCYZ,CITY_KUIXXC,REGION_FLVI
SELLER_HHWJNEVDCX,AREA_DFOOXRP,CITY_MFOJHT,REGION_ZAQW
SELLER_BNJZEAMJSV,AREA_OYWPRQZ,CITY_LDQCID,REGION_ZMUB
SELLER_OQVIYGXZJX,AREA_QJBAQCC,CITY_AUSJMH,REGION_ZAQW
SELLER_NXWHKOEHFT,AREA_THYCGAG,CITY_CULFCV,REGION_WSPK
SELLER_QBSFNABUHT,AREA_LLWDCKP,CITY_PNHMHH,REGION_ZAQW
SELLER_ZVUWIZEMBE,AREA_AFNVHPQ,CITY_SCWTZL,REGION_ZAQW
SELLER_JCSVLPLZHL,AREA_PNTFELN,CITY_DHHUHM,REGION_ZAQW
SELLER_TLFSZLWEHT,AREA_LHQKDSG,CITY_IYTTKK,REGION_ZAQW
SELLER_INVBYMLSLJ,AREA_KTZILTY,CITY_AFQUYY,REGION_SNJF
SELLER_NRFSNVNFXX,AREA_VVXPAVX,CITY_NWOLTF,REGION_ZAQW
SELLER_LEIFGFBVQD,AREA_DLDSJPC,CITY_KUJWAJ,REGION_WSPK
SELLER_WMNEQPQUTF,AREA_TLGDOAG,CITY_NWOLTF,REGION_ZAQW
SELLER_NIXYFVVNYU,AREA_BBCGIHB,CITY_NWOLTF,REGION_ZAQW
SELLER_AXAELKVDXF,AREA_LYABFKK,CITY_CCYAVL,REGION_ZAQW
SELLER_UNEUMKWNZA,AREA_RAWGXDD,CITY_IYTTKK,REGION_ZAQW
SELLER_JZHAHJFPAY,AREA_DKKTGSG,CITY_BUHQMZ,REGION_FLVI
SELLER_OBVKXVVCLE,AREA_QIIUXLW,CITY_GQIOWS,REGION_ZAQW
SELLER_SPZOLWJWPV,AREA_TPMPFSE,CITY_NWOLTF,REGION_ZAQW
SELLER_MKXSWUEGFF,AREA_YZUEPYY,CITY_WCRPHW,REGION_ZAQW
SELLER_PDATMOYUYM,AREA_JHRGNHT,CITY_NWOLTF,REGION_ZAQW
SELLER_INFRIZALNZ,AREA_WVEVAEB,CITY_JDRPFH,REGION_ZAQW
SELLER_KQBAHDZMAL,AREA_BHSGWRI,CITY_PQJQMP,REGION_DYWE
SELLER_BZKQVYWNPH,AREA_YFQGCZH,CITY_KVDLFC,REGION_ZAQW
SELLER_GBSMYBZATN,AREA_LQEYWTA,CITY_SGDOXH,REGION_DYWE
SELLER_TERKNRWZCE,AREA_SEBNBED,CITY_ZYDNUV,REGION_ZAQW
SELLER_TSRVXBEEFX,AREA_DIIXBIR,CITY_IBSQIG,REGION_ZAQW
SELLER_BVVBMGUVDW,AREA_MLOHLVK,CITY_HZDYMC,REGION_FLVI
SELLER_TEXOMCDRTX,AREA_JECHGJY,CITY_NWOLTF,REGION_ZAQW
SELLER_WUXCSVAAYB,AREA_XOWDLFO,CITY_OEPXSE,REGION_DYWE
SELLER_BMQDCMEIXA,AREA_WJSACHM,CITY_EGXTXT,REGION_ZAQW
SELLER_KNSYGHTAYD,AREA_LXYPOFF,CITY_QYBIUH,REGION_ZAQW
SELLER_VCTUTJKWZL,AREA_NYZJRLW,CITY_NWOLTF,REGION_ZAQW
SELLER_YJZDXLIHIU,AREA_OPRIHEZ,CITY_RUDVCV,REGION_ZAQW
SELLER_STBWLSTNKU,AREA_TEFQJDF,CITY_RJSIHN,REGION_ZAQW
SELLER_CXKJWJIFDG,AREA_PQIVTOJ,CITY_AHAGBS,REGION_ZAQW
SELLER_EKKCIZSZVO,AREA_ERLCRFR,CITY_XHCYYT,REGION_ZMUB
SELLER_NLAMBBXQJW,AREA_RKDBBSO,CITY_GRMWTB,REGION_ZAQW
SELLER_UREMQGZQFD,AREA_VVURJBF,CITY_MWKRZX,REGION_ZAQW
SELLER_CFWFOBOPRD,AREA_CPNXNNF,CITY_XHCYYT,REGION_ZMUB
SELLER_FSICXIDWFW,AREA_AZXYGEJ,CITY_VDIYEC,REGION_SNJF
SELLER_OVJNYRMBHD,AREA_SVSKOIC,CITY_NWOLTF,REGION_ZAQW
SELLER_HHWJPGODUA,AREA_DNEYXHY,CITY_NWOLTF,REGION_ZAQW
SELLER_XHCDSYVQAW,AREA_QQXLUFQ,CITY_VDIYEC,REGION_SNJF
SELLER_LVWKZWAOYX,AREA_UHGRGGH,CITY_KRUHPY,REGION_ZAQW
SELLER_PHIBIMZYJS,AREA_IJCQLRG,CITY_ROJJRW,REGION_ZAQW
SELLER_MFMGKFUWQC,AREA_EFAKWEX,CITY_KRUHPY,REGION_ZAQW
SELLER_ABORAIMTAY,AREA_EMLZEQO,CITY_IYTTKK,REGION_ZAQW
SELLER_KVFEOEVKHP,AREA_FXJWJKJ,CITY_NWOLTF,REGION_ZAQW
SELLER_CTFVETOHBB,AREA_MWZIVLG,CITY_NWOLTF,REGION_ZAQW
SELLER_DKCODCZNVJ,AREA_ARXPBYF,CITY_NWOLTF,REGION_ZAQW
SELLER_TJEOPMIVPY,AREA_GDBOOFD,CITY_WADGUS,REGION_ZMUB
SELLER_KDHPAOOKMQ,AREA_PPTRQEE,CITY_ROJJRW,REGION_ZAQW
SELLER_LAATFAMUUG,AREA_XHOUJCZ,CITY_BMSKBE,REGION_FLVI
SELLER_DBMEBPARDS,AREA_ITMHAPF,CITY_QVXRQC,REGION_HOWO
SELLER_MOGOFIKABU,AREA_YDKSMJW,CITY_NWOLTF,REGION_ZAQW
SELLER_CFOOOMICTN,AREA_PYYAHQL,CITY_NWOLTF,REGION_ZAQW
SELLER_DTVLMFIFQV,AREA_OVILGUL,CITY_XMDDCU,REGION_DYWE
SELLER_OMMGSDOEYY,AREA_DJAFEMW,CITY_PFBSWO,REGION_ZAQW
SELLER_UJJGPPOBIK,AREA_EVAFSLU,CITY_WCRPHW,REGION_ZAQW
SELLER_BQNAFRGRFA,AREA_KQSLAXQ,CITY_NWOLTF,REGION_ZAQW
SELLER_TMBGNUACRJ,AREA_DAIFQDF,CITY_MWYUGF,REGION_ZAQW
SELLER_NNZPDAAVAF,AREA_JCFLFXQ,CITY_GRMWTB,REGION_ZAQW
SELLER_RHARLMCWYK,AREA_BNDOTAP,CITY_MWKRZX,REGION_ZAQW
SELLER_CEFKNOQOQU,AREA_STKWBKZ,CITY_NWOLTF,REGION_ZAQW
SELLER_FRILFNZZKS,AREA_DNGJHGR,CITY_ROJJRW,REGION_ZAQW
SELLER_EAVVGQHBFZ,AREA_QEXDOUD,CITY_AUSJMH,REGION_ZAQW
SELLER_PNLXFQRIXS,AREA_OUFTVVA,CITY_CUSPLX,REGION_ZAQW
SELLER_AGXIKHCBRN,AREA_VXAGWXW,CITY_AFQUYY,REGION_SNJF
SELLER_JOGMDFIIYP,AREA_ZREUKCE,CITY_IYTTKK,REGION_ZAQW
SELLER_NDDGWTRMXK,AREA_KCNZLKI,CITY_AHPFPG,REGION_ZAQW
SELLER_YVSNWRFTWI,AREA_DEGOUDO,CITY_ROJJRW,REGION_ZAQW
SELLER_CFZDZBBHCZ,AREA_VVUKIMY,CITY_CULFCV,REGION_WSPK
SELLER_GLXHRGTLMY,AREA_LXZUULB,CITY_NWOLTF,REGION_ZAQW
SELLER_VTVRUGXSPY,AREA_IRSCBEF,CITY_QLZQWK,REGION_ZMUB
SELLER_WLGYWSOXTE,AREA_FRCMHGW,CITY_DNOLCW,REGION_SNJF
SELLER_IOHYAAGZLU,AREA_ONRDQWE,CITY_KRKTIB,REGION_ZMUB
SELLER_KSCPRXVFLS,AREA_TEFQJDF,CITY_RJSIHN,REGION_ZAQW
SELLER_EKJBOOZPUH,AREA_SIGRDYE,CITY_ZOBQSQ,REGION_ZAQW
SELLER_ADRYXWBLJT,AREA_ODDKZAU,CITY_MJHQOQ,REGION_SNJF
SELLER_VCRMBSFPCY,AREA_RGUEVAD,CITY_NWOLTF,REGION_ZAQW
SELLER_KHDPLFWDKS,AREA_NLQTIHH,CITY_NWOLTF,REGION_ZAQW
SELLER_QDNHTXGBXO,AREA_HHWDYWW,CITY_DNOLCW,REGION_SNJF
SELLER_UODDLIXBUW,AREA_OUFTVVA,CITY_CUSPLX,REGION_ZAQW
SELLER_BNAKEOPOEW,AREA_WWVMJJR,CITY_EEXIJQ,REGION_SNJF
SELLER_DTKIDRAQJO,AREA_XEFGXEQ,CITY_EWLBKK,REGION_SNJF
SELLER_TDLOPJSOLO,AREA_NQYEPLK,CITY_LXYEMD,REGION_WSPK
SELLER_EDFQCDOLZB,AREA_TNEMUVO,CITY_MVQGDB,REGION_WSPK
SELLER_JYYBVUHWKG,AREA_UUBQZDI,CITY_GYLMOK,REGION_BQGV
SELLER_MODMKTUTFZ,AREA_LWTYXJK,CITY_HMNIHL,REGION_ZAQW
SELLER_LIUTGLQLGE,AREA_ITEXEFS,CITY_OWQVHU,REGION_FLVI
SELLER_WKQRLXEOEH,AREA_VKCRWND,CITY_NWOLTF,REGION_ZAQW
SELLER_BMEDOSVYDJ,AREA_DQBJPJQ,CITY_DNOLCW,REGION_SNJF
SELLER_BAIDPFRBJY,AREA_BTLQHDT,CITY_NWOLTF,REGION_ZAQW
SELLER_YDHUOYIIEP,AREA_WUCPKOO,CITY_KRUHPY,REGION_ZAQW
SELLER_PVFGRJPCNA,AREA_BCSFRQF,CITY_MLCDKW,REGION_ZAQW
SELLER_SFOBLJSHAN,AREA_RQOXMOM,CITY_KRUHPY,REGION_ZAQW
SELLER_WUDBRDSCCM,AREA_JCCBCWW,CITY_OYWKEL,REGION_ZMUB
SELLER_OTJXKHWAXO,AREA_OUFTVVA,CITY_CUSPLX,REGION_ZAQW
SELLER_UALIVESBST,AREA_UWSWIHH,CITY_RXNPED,REGION_WSPK
SELLER_GYVQYJZDND,AREA_UMNLGBB,CITY_AUSJMH,REGION_ZAQW
SELLER_KERWTUPDKJ,AREA_XGRLGRA,CITY_ZAYAZD,REGION_ZAQW
SELLER_IODKOOJUCS,AREA_NFVZXUR,CITY_AUSJMH,REGION_ZAQW
SELLER_LWQXACRBRE,AREA_EXOXVXN,CITY_NWOLTF,REGION_ZAQW
SELLER_EASFEXMQUM,AREA_PVFLHEJ,CITY_WGGANE,REGION_ZAQW
SELLER_TOQGGMVVWL,AREA_YWEOZLX,CITY_AHPFPG,REGION_ZAQW
SELLER_JNMBHTYQTC,AREA_GKZIDQK,CITY_KXDXYB,REGION_ZMUB
SELLER_OFGBPXFHQT,AREA_MVVWMYM,CITY_NWOLTF,REGION_ZAQW
SELLER_AKESUOTKPL,AREA_MBLTMQI,CITY_NWOLTF,REGION_ZAQW
SELLER_RKNZYPBFGY,AREA_ZJYFTST,CITY_CILJXC,REGION_WSPK
SELLER_ARMJSNOAMR,AREA_KXIYHRW,CITY_WPXXVS,REGION_ZAQW
SELLER_UDXSZTZTFY,AREA_WROJKTS,CITY_KUIXXC,REGION_FLVI
SELLER_KFBZMMVIXK,AREA_XBPFXYV,CITY_ZVABQK,REGION_WSPK
SELLER_DLCTPOBQSA,AREA_CKWCFQK,CITY_LINXZJ,REGION_FLVI
SELLER_VPYREANDEE,AREA_MCTVRQV,CITY_VDIYEC,REGION_SNJF
SELLER_KZGWORMRCE,AREA_EIGULFF,CITY_WEKLLH,REGION_ZAQW
SELLER_TUYCJBLUTM,AREA_RNRTHGJ,CITY_OSUZXX,REGION_ZAQW
SELLER_XSYJOKJKRM,AREA_LETXTRC,CITY_JDRPFH,REGION_ZAQW
SELLER_CXBHABGFHC,AREA_BTVPJOF,CITY_XHCYYT,REGION_ZMUB
SELLER_FTNHSUEAYU,AREA_IOOWGBR,CITY_KVDLFC,REGION_ZAQW
SELLER_NVGWBFDOYK,AREA_KHXHTID,CITY_IOOCAQ,REGION_DYWE
SELLER_VNOPSDIZPI,AREA_EMPGBXU,CITY_BAWDHL,REGION_ZAQW
SELLER_ZHTVUHKVZY,AREA_YZQXQZE,CITY_FQYUNZ,REGION_ZAQW
SELLER_RQLVAYCTIR,AREA_QIIUXLW,CITY_GQIOWS,REGION_ZAQW
SELLER_ADYXRKNYPJ,AREA_KXBNNLY,CITY_OVRSHW,REGION_SNJF
SELLER_LWIUYFYBMF,AREA_CCYRDTE,CITY_NWOLTF,REGION_ZAQW
SELLER_QOMPYHPAUV,AREA_IYAVEVB,CITY_MFOJHT,REGION_ZAQW
SELLER_CJSFHKXCOU,AREA_EOFNCOH,CITY_NWOLTF,REGION_ZAQW
SELLER_VVYRHJCJJX,AREA_OTXHQST,CITY_JXBCPN,REGION_ZDZK
SELLER_OKHYDQRHLL,AREA_FPQEHKC,CITY_NWOLTF,REGION_ZAQW
SELLER_DGIZFEMBGD,AREA_SAWNLDY,CITY_DNOLCW,REGION_SNJF
SELLER_VGBFAVHFKO,AREA_WNKVTNO,CITY_ROJJRW,REGION_ZAQW
SELLER_KNBPYTICCX,AREA_ERCRVSR,CITY_NWOLTF,REGION_ZAQW
SELLER_LLOAFILSVS,AREA_GUNXQSE,CITY_DNOLCW,REGION_SNJF
SELLER_ZXJGMFKZOH,AREA_SLJFRGM,CITY_TLNJQQ,REGION_SNJF
SELLER_ZEWUOYOSSD,AREA_HNCEFJU,CITY_KRUHPY,REGION_ZAQW
SELLER_JKLHDVXQKH,AREA_IFEESHL,CITY_QVSUET,REGION_ZAQW
SELLER_NPWTWLHLJM,AREA_ZTVRACG,CITY_DNOLCW,REGION_SNJF
SELLER_GPVTMBZIKK,AREA_HUUQBGK,CITY_VDIYEC,REGION_SNJF
SELLER_KDSLYDANGW,AREA_LPJFSRA,CITY_ZKHEDP,REGION_CGSL
SELLER_YGRUBYEOOH,AREA_YHBDBRG,CITY_NWOLTF,REGION_ZAQW
SELLER_FGOPHDYUDT,AREA_SLILMOA,CITY_IYTTKK,REGION_ZAQW
SELLER_PCULNMLWHA,AREA_CLLUZSR,CITY_VRXUIE,REGION_ZAQW
SELLER_OMLKWRVUFT,AREA_MMXDOYK,CITY_YLKAXH,REGION_ZAQW
SELLER_LYNGUDSMJH,AREA_KIJWFUO,CITY_NWOLTF,REGION_ZAQW
SELLER_WWYWSLVNTL,AREA_TTWHHTR,CITY_KONHYW,REGION_ZAQW
SELLER_GSYPSCTNUD,AREA_XKRNNWU,CITY_OYWKEL,REGION_ZMUB
SELLER_NLMUUSDKGK,AREA_XRYJZXF,CITY_NWOLTF,REGION_ZAQW
SELLER_MCGTIMGHNE,AREA_ZGSUGAK,CITY_WXTYIT,REGION_ZAQW
SELLER_YVHUIPJSWZ,AREA_MWRFEBC,CITY_VUDLER,REGION_SNJF
SELLER_QAGQHUEBPU,AREA_VMMXRDM,CITY_GGZELG,REGION_ZAQW
SELLER_SJPKXNHFCU,AREA_NIHCVNK,CITY_WVUIIH,REGION_ZAQW
SELLER_MUOAKERWDG,AREA_LZCEYJC,CITY_GGZELG,REGION_ZAQW
SELLER_YMWZPDRAIK,AREA_KLKOIEA,CITY_QBCWWZ,REGION_DYWE
SELLER_OEPPSKRRCT,AREA_EBANUNP,CITY_GKEEQX,REGION_ZAQW
SELLER_GQXBCHBMBI,AREA_OUFTVVA,CITY_CUSPLX,REGION_ZAQW
SELLER_IKEKCCTVUK,AREA_VSAOFVR,CITY_XULQIB,REGION_FLVI
SELLER_CVYDBZOBBB,AREA_ACDOIDT,CITY_NWOLTF,REGION_ZAQW
SELLER_LGKPOGLLMN,AREA_OXZCYHP,CITY_HKZBYZ,REGION_ZAQW
SELLER_RXCRQLLRLH,AREA_RAOJQDH,CITY_NWOLTF,REGION_ZAQW
SELLER_UKALYYYQFE,AREA_GRFMTWS,CITY_WMROQA,REGION_ZAQW
SELLER_WAJFPQYMGE,AREA_PMHPMMC,CITY_BYHMNH,REGION_SNJF
SELLER_VBSEMOHUUU,AREA_FOEWRAR,CITY_WEGHOH,REGION_DYWE
SELLER_BLWGVBIOIM,AREA_EQARHKH,CITY_SSADQF,REGION_DYWE
SELLER_XPYBEBEHEZ,AREA_XNGBZMS,CITY_GQIOWS,REGION_ZAQW
SELLER_AFQCHERPWQ,AREA_MDGELKB,CITY_LFAMYT,REGION_SNJF
SELLER_RXWERSUQTS,AREA_GMMUYDH,CITY_CULFCV,REGION_WSPK
SELLER_OKSYPLVWLH,AREA_LPXAGUB,CITY_UPLAYW,REGION_ZAQW
SELLER_KEWJIMRXKG,AREA_INUWQXD,CITY_NWOLTF,REGION_ZAQW
SELLER_FOZVEXHARZ,AREA_GPALYGS,CITY_ROJJRW,REGION_ZAQW
SELLER_KLZATFGXTY,AREA_WOVLMON,CITY_AHPFPG,REGION_ZAQW
SELLER_HMTFHONNFG,AREA_OYUKNDD,CITY_IOOCAQ,REGION_DYWE
SELLER_IDRLOZTPVS,AREA_NAMAOQR,CITY_HLWIZJ,REGION_WSPK
SELLER_QWGOTURMOO,AREA_AKNRJZI,CITY_TSHPZR,REGION_FLVI
SELLER_IGSYUBZQKJ,AREA_QZQOYZR,CITY_CONIGB,REGION_ZAQW
SELLER_UAESGHIYTK,AREA_LPXXDAZ,CITY_NWOLTF,REGION_ZAQW
SELLER_CTTHAHZVWJ,AREA_YUUFAIR,CITY_NWOLTF,REGION_ZAQW
SELLER_IQFFXFXZYB,AREA_CEAKVHF,CITY_AFQUYY,REGION_SNJF
SELLER_SMTXNRKHYM,AREA_TGCMRWL,CITY_ARIRQL,REGION_WSPK
SELLER_DLCEMTAQWL,AREA_RQPNTTG,CITY_QWQKKI,REGION_ZAQW
SELLER_HTSVVAEGPI,AREA_CCRSGPL,CITY_IYTTKK,REGION_ZAQW
SELLER_AZNRWSOMXE,AREA_AAKJAGR,CITY_VEPPLO,REGION_FLVI
SELLER_DEFUBJNNIU,AREA_WBYXGIY,CITY_EALZND,REGION_SNJF
SELLER_LMNZRAXXGS,AREA_RFEIQDW,CITY_EEXIJQ,REGION_SNJF
SELLER_TZFUEMFTVW,AREA_IEUPGHY,CITY_EQIIRX,REGION_ZAQW
SELLER_NHUPVBYCCC,AREA_MCRZTCN,CITY_RONNQT,REGION_DYWE
SELLER_MAYINEBGHL,AREA_WBYXGIY,CITY_EALZND,REGION_SNJF
SELLER_NLUCRIOHMZ,AREA_FGUJAXT,CITY_YTCHBP,REGION_WSPK
SELLER_CJEQESCJME,AREA_FNZEKEA,CITY_NWOLTF,REGION_ZAQW
SELLER_ZNNAEZDSLQ,AREA_WBGKJOC,CITY_IOOCAQ,REGION_DYWE
SELLER_FGKRKDNNUG,AREA_AAZQORT,CITY_NWOLTF,REGION_ZAQW
SELLER_ZIQXKJDUSN,AREA_PIAMZZG,CITY_NWOLTF,REGION_ZAQW
SELLER_HFDPADOOBZ,AREA_KCNZLKI,CITY_AHPFPG,REGION_ZAQW
SELLER_LKKWEWGPXG,AREA_UOZVWBV,CITY_XSYNNB,REGION_ZMUB
SELLER_JFGCCAYEEQ,AREA_HHDGCZC,CITY_UVDAHE,REGION_SNJF
SELLER_YKRQJWWBMR,AREA_JAVOHXT,CITY_YGOHRK,REGION_CGSL
SELLER_LYRCXJLGOX,AREA_JMHXYWP,CITY_NWOLTF,REGION_ZAQW
SELLER_ZXQVLKQCLS,AREA_VCAEFJH,CITY_LGEIIZ,REGION_FLVI
SELLER_SAKKSODHLN,AREA_YIJANVX,CITY_ZOBQSQ,REGION_ZAQW
SELLER_GRMTPCCJJI,AREA_XNQJNOT,CITY_ZTUYAI,REGION_ZMUB
SELLER_YSAXAWHRLE,AREA_YGFVCBI,CITY_NWOLTF,REGION_ZAQW
SELLER_XWAMUYYPVY,AREA_MTSDEPR,CITY_GYLMOK,REGION_BQGV
SELLER_SUYZXZIHBH,AREA_OUFTVVA,CITY_CUSPLX,REGION_ZAQW
SELLER_DZNPRUCQFW,AREA_BEZEKJU,CITY_CULFCV,REGION_WSPK
SELLER_VEEDUCOWBO,AREA_AWAJYXX,CITY_DNOLCW,REGION_SNJF
SELLER_JFTACULLOU,AREA_KNYKOGH,CITY_NWOLTF,REGION_ZAQW
SELLER_EDGDRDZMYX,AREA_DFOOXRP,CITY_MFOJHT,REGION_ZAQW
SELLER_GQNTDFCCYC,AREA_IBDNRQQ,CITY_NWOLTF,REGION_ZAQW
SELLER_QCXQKHFGQE,AREA_BXGLRXQ,CITY_VEPPLO,REGION_FLVI
SELLER_JRUMCIUBKE,AREA_DHAISIM,CITY_UDYULM,REGION_CVWP
SELLER_XPTDWVFNKQ,AREA_EZJTIPK,CITY_OBJXSD,REGION_DYWE
SELLER_LUDSWTHCLP,AREA_OUFTVVA,CITY_CUSPLX,REGION_ZAQW
SELLER_TDKTGAGXHV,AREA_MNNKLPU,CITY_YRFKZU,REGION_DYWE
SELLER_GQRDLFVJRB,AREA_RJTVTPR,CITY_ZCTNQE,REGION_ZAQW
SELLER_RVVEPTOFJO,AREA_PXMUWNG,CITY_NWOLTF,REGION_ZAQW
SELLER_KENSXIXCWX,AREA_OXYUTBJ,CITY_XHCYYT,REGION_ZMUB
SELLER_UIGTWMJPNJ,AREA_YLUJMXY,CITY_NWOLTF,REGION_ZAQW
SELLER_ONRNBVCYTV,AREA_PTZMZKF,CITY_ZMBXRL,REGION_ZAQW
SELLER_NFXCLFUSOA,AREA_UZNHVUM,CITY_EDQKPO,REGION_FLVI
SELLER_RNWUMHZKGP,AREA_VSLZNEC,CITY_HZDYMC,REGION_FLVI
SELLER_DKWPMRMVAZ,AREA_OUFTVVA,CITY_CUSPLX,REGION_ZAQW
SELLER_EDREGLMGGB,AREA_IMJXQJI,CITY_ZOBQSQ,REGION_ZAQW
SELLER_MBNEZXTWAK,AREA_INUWQXD,CITY_NWOLTF,REGION_ZAQW
SELLER_BMZZGPPKST,AREA_DUKVREJ,CITY_NWOLTF,REGION_ZAQW
SELLER_SCNTFXLHWW,AREA_YQTKART,CITY_WPXXVS,REGION_ZAQW
SELLER_DYNCSMYVLJ,AREA_GDTBJTQ,CITY_NWOLTF,REGION_ZAQW
SELLER_TXLSHXTRFU,AREA_TRPRCHZ,CITY_IYTTKK,REGION_ZAQW
SELLER_HJCVLQDAYN,AREA_AZEMHTB,CITY_NWOLTF,REGION_ZAQW
SELLER_BOCLUUDVEZ,AREA_ZHEXMMH,CITY_VEPPLO,REGION_FLVI
SELLER_DQNULEBUJJ,AREA_DZNOWAQ,CITY_NWOLTF,REGION_ZAQW
SELLER_VUADMRIOYD,AREA_QIIUXLW,CITY_GQIOWS,REGION_ZAQW
SELLER_ZIPHPMHHKQ,AREA_ZICRYSA,CITY_XPILNI,REGION_DYWE
SELLER_ANORMLNRHP,AREA_FFJNKZE,CITY_OEPXSE,REGION_DYWE
SELLER_HXOIWIMUEU,AREA_HSTKUHA,CITY_NWOLTF,REGION_ZAQW
SELLER_GUFTHNNDDR,AREA_KSBHRWS,CITY_NWOLTF,REGION_ZAQW
SELLER_CBPAFSBZIV,AREA_MCNXWLS,CITY_INSQNF,REGION_FLVI
SELLER_WCEAXYMDHY,AREA_XDQCRIU,CITY_NWOLTF,REGION_ZAQW
SELLER_YNGHFFRXIJ,AREA_DFVOIQL,CITY_XHCYYT,REGION_ZMUB
SELLER_FZSKPRAEXJ,AREA_VMOUILE,CITY_QICTAX,REGION_ZAQW
SELLER_COHHZOBRHI,AREA_KJTSCDG,CITY_LINFOG,REGION_DYWE
SELLER_PECOJEPXLT,AREA_VDXOIJL,CITY_VDIYEC,REGION_SNJF
SELLER_GILHJHUCUY,AREA_BQSJZKV,CITY_SPUSRK,REGION_ZAQW
SELLER_URTCNEZYUN,AREA_FALKFLV,CITY_NWOLTF,REGION_ZAQW
SELLER_NJAVMTIWCX,AREA_XNODVPZ,CITY_ZKHEDP,REGION_CGSL
SELLER_PHPNPFQANH,AREA_BZDAWPQ,CITY_NWOLTF,REGION_ZAQW
SELLER_CJGVDDEFQS,AREA_FGJZUGB,CITY_IOOCAQ,REGION_DYWE
SELLER_BFLNDIRADD,AREA_OKQXAMN,CITY_AUSJMH,REGION_ZAQW
SELLER_ZIYNOWYMBH,AREA_BTVAVRN,CITY_IYTTKK,REGION_ZAQW
SELLER_YOFEPMHKYZ,AREA_ZNCGEAB,CITY_NWOLTF,REGION_ZAQW
SELLER_HXEETVUMQR,AREA_MKEKYQR,CITY_GYLMOK,REGION_BQGV
SELLER_EEAJNBCEXA,AREA_UTGTBSW,CITY_YLPNUX,REGION_ZAQW
SELLER_ANDFOZXWNN,AREA_ACMOBVT,CITY_NWOLTF,REGION_ZAQW
SELLER_EMXTMACRZO,AREA_YOFQDQT,CITY_FZETIE,REGION_SNJF
SELLER_OYQXMMUOVK,AREA_LLJPTIP,CITY_KRUHPY,REGION_ZAQW
SELLER_ABLISWAECI,AREA_WQPHKMQ,CITY_KUIXXC,REGION_FLVI
SELLER_KDRWYRDPHJ,AREA_HLZYIDY,CITY_KRUHPY,REGION_ZAQW
SELLER_FRRWNESVVN,AREA_XSPBOZQ,CITY_NWOLTF,REGION_ZAQW
SELLER_XBQPVCOTWE,AREA_ZDGEYJO,CITY_NWOLTF,REGION_ZAQW
SELLER_TCZIAHXFLA,AREA_JQRBFGD,CITY_RAPHQP,REGION_FLVI
SELLER_TVIMMTBMMT,AREA_NOJLDBW,CITY_CQKTMH,REGION_ZAQW
SELLER_DIBCFMAGKO,AREA_TFEWJHF,CITY_CTYAQL,REGION_ZDZK
SELLER_UAYERYDMYB,AREA_WLDEQET,CITY_VDIYEC,REGION_SNJF
SELLER_ETVBKYKEEP,AREA_RPGQTPE,CITY_GGZELG,REGION_ZAQW
SELLER_MJDYXVOJWM,AREA_BDWEMGR,CITY_YSFTPB,REGION_ZAQW
SELLER_XXFPZNADBC,AREA_HJKCIPD,CITY_NWOLTF,REGION_ZAQW
SELLER_XTHEOHCAZC,AREA_WBYXGIY,CITY_EALZND,REGION_SNJF
SELLER_TYMNUGDNBV,AREA_DYNICNH,CITY_ZXEZBR,REGION_ZAQW
SELLER_UUORULBASQ,AREA_ZCSFVXT,CITY_NWOLTF,REGION_ZAQW
SELLER_XIVIQYNEWK,AREA_WHSFJHS,CITY_GYLMOK,REGION_BQGV
SELLER_WKAEOCGEUS,AREA_JOMROHV,CITY_JVSLUX,REGION_ZAQW
SELLER_HKMCCRQFFV,AREA_KUPKQDX,CITY_NWOLTF,REGION_ZAQW
SELLER_HWVXGIWDSC,AREA_RYAJPUV,CITY_NWOLTF,REGION_ZAQW
SELLER_CKZHMDNTWD,AREA_IMLWLNH,CITY_AMGFPT,REGION_DYWE
SELLER_VZIJRNXSVD,AREA_EIVPVLS,CITY_GGZELG,REGION_ZAQW
SELLER_KROYHGNHRS,AREA_CLUQFAL,CITY_HMNIHL,REGION_ZAQW
SELLER_GWPRDYMJAY,AREA_GSRZDOT,CITY_NWOLTF,REGION_ZAQW
SELLER_ALIYDCRBXZ,AREA_GSHGHRR,CITY_ZKHEDP,REGION_CGSL
SELLER_YVZPOEZHHO,AREA_SMUGKSP,CITY_NWOLTF,REGION_ZAQW
SELLER_VAJBCKJNHQ,AREA_NOFOQIE,CITY_OEPXSE,REGION_DYWE
SELLER_OVUBYZEYBS,AREA_AYXTMBM,CITY_XHCYYT,REGION_ZMUB
SELLER_AHQRJGURAI,AREA_LMFBORL,CITY_IYTTKK,REGION_ZAQW
SELLER_ATOQHONDLQ,AREA_UXIEVBV,CITY_NWOLTF,REGION_ZAQW
SELLER_LLYBWEIGVT,AREA_OUFTVVA,CITY_CUSPLX,REGION_ZAQW
SELLER_UTSUYVFOZZ,AREA_SEOLGWM,CITY_JGFBBZ,REGION_ZAQW
SELLER_FXJDSSAOGE,AREA_YGAMCUZ,CITY_NWOLTF,REGION_ZAQW
SELLER_DKHLEVLASQ,AREA_XJCZLXW,CITY_NWOLTF,REGION_ZAQW
SELLER_VMHLDJKVTJ,AREA_DIOQLRM,CITY_NWOLTF,REGION_ZAQW
SELLER_UEAOBJFTQM,AREA_OUFTVVA,CITY_CUSPLX,REGION_ZAQW
SELLER_HVNLQDQLBF,AREA_QFOCNFB,CITY_NWOLTF,REGION_ZAQW
SELLER_PYIGOVQAZY,AREA_EOQDVHH,CITY_ZOMIFN,REGION_ZAQW
SELLER_GXPBGUSPME,AREA_FIYSDEA,CITY_SSCJQU,REGION_HOWO
SELLER_DHRUVIWTFX,AREA_PJJTVSG,CITY_EALZND,REGION_SNJF
SELLER_RYCVOIHTNS,AREA_XYMDWNJ,CITY_DNCWVE,REGION_WSPK
SELLER_DHRNOCLKED,AREA_ZEXMIQC,CITY_PIVABE,REGION_FLVI
SELLER_IWHEAFHSMN,AREA_CLUQFAL,CITY_HMNIHL,REGION_ZAQW
SELLER_UQQNEZINAR,AREA_INZPZUX,CITY_RXBKJH,REGION_ZMUB
SELLER_DQWGFAGDXC,AREA_JHRGNHT,CITY_NWOLTF,REGION_ZAQW
SELLER_GRRJYLGACX,AREA_ASDBXZH,CITY_ROJJRW,REGION_ZAQW
SELLER_XJBHIEVTLP,AREA_MOYEPYN,CITY_RWNTSQ,REGION_DYWE
SELLER_KIHQQHSJGQ,AREA_GMAYXPX,CITY_TEADBV,REGION_SNJF
SELLER_MMDYSSZZIV,AREA_WWVMJJR,CITY_EEXIJQ,REGION_SNJF
SELLER_BINKVSXMFI,AREA_GAOAOFE,CITY_ZHZQSV,REGION_ZAQW
SELLER_BXIIUIUGGN,AREA_OGQWKTH,CITY_QYXXRV,REGION_ZMUB
SELLER_TOVAKAMDUW,AREA_OQFDEBR,CITY_DNOLCW,REGION_SNJF
SELLER_JOANNPROIG,AREA_PUOPZUJ,CITY_GXUZCS,REGION_ZAQW
SELLER_VAXIGMMKBE,AREA_ISTRHUK,CITY_JXSZAK,REGION_ZAQW
SELLER_NCYMLYZYOD,AREA_AMLSIMQ,CITY_GKEEQX,REGION_ZAQW
SELLER_VFJGUROAIX,AREA_DRVWRFL,CITY_NWOLTF,REGION_ZAQW
SELLER_LYIBRSQCVC,AREA_KSJTANQ,CITY_TSPVAN,REGION_DYWE
SELLER_FIANIRRLDU,AREA_ZXBBKJL,CITY_NWOLTF,REGION_ZAQW
SELLER_SKYXSVCRFB,AREA_JWJRGKF,CITY_OOTKEV,REGION_DYWE
SELLER_LRODOVWVDC,AREA_QZYSBVT,CITY_LTYXUE,REGION_ZMUB
SELLER_MEXIGVIGRO,AREA_KJAMMLX,CITY_KRTHGE,REGION_ZMUB
SELLER_SDMSLMKEJA,AREA_EUAXKCE,CITY_NWOLTF,REGION_ZAQW
SELLER_FDPSURQRKB,AREA_IMDYFQU,CITY_IYTTKK,REGION_ZAQW
SELLER_ZOBUXZPISZ,AREA_IRNUUZC,CITY_PJETUI,REGION_FLVI
SELLER_CKSBKZCCVG,AREA_PPZAMDC,CITY_GQIOWS,REGION_ZAQW
SELLER_XYHWHRPADX,AREA_UPBJWOO,CITY_XHCYYT,REGION_ZMUB
SELLER_GZSXZXQNLF,AREA_EWCTPNI,CITY_CULFCV,REGION_WSPK
SELLER_RDQWWPFSTW,AREA_AANGVIH,CITY_NWOLTF,REGION_ZAQW
SELLER_LCACWUXAGO,AREA_WBDVWOI,CITY_NWOLTF,REGION_ZAQW
SELLER_EEJDXMDLVA,AREA_ALKMPEC,CITY_NWOLTF,REGION_ZAQW
SELLER_ITPEISRHMZ,AREA_LVPLIXS,CITY_QQZGQR,REGION_ZAQW
SELLER_STWTIFTQCJ,AREA_PXPPPNB,CITY_RXNPED,REGION_WSPK
SELLER_LHWSHZWFNP,AREA_DIMHGAV,CITY_CVLMPK,REGION_ZMUB
SELLER_GKAPWVPFPX,AREA_BZDAWPQ,CITY_NWOLTF,REGION_ZAQW
SELLER_XTGWTKERHU,AREA_CVWDUBA,CITY_HKSTWV,REGION_ZAQW
SELLER_CIONHPACDL,AREA_WEAVZCD,CITY_CULFCV,REGION_WSPK
SELLER_AMHDBYZGGR,AREA_JDCDGAG,CITY_TBBJRQ,REGION_SNJF
SELLER_PAOEZBHGQN,AREA_LEMVGNW,CITY_DNOLCW,REGION_SNJF
SELLER_XXNUSTLIVP,AREA_DIDYPEJ,CITY_NWOLTF,REGION_ZAQW
SELLER_JOBPDCVNOS,AREA_WRDKYBQ,CITY_YQNGBA,REGION_FLVI
SELLER_CZCQGUFKPT,AREA_WDBQFPL,CITY_NWOLTF,REGION_ZAQW
SELLER_CSUCFIJDIT,AREA_KHKBFCS,CITY_FFGGFH,REGION_DYWE
SELLER_EVWXHCPJBI,AREA_AMVXFRF,CITY_QWQKKI,REGION_ZAQW
SELLER_BVZFWIFIJV,AREA_BCSFRQF,CITY_MLCDKW,REGION_ZAQW
SELLER_FAVWEJGBWG,AREA_WFBUMTG,CITY_MHDJAV,REGION_ZAQW
SELLER_XMLOHTOVPK,AREA_ABMYZVP,CITY_NWOLTF,REGION_ZAQW
SELLER_BMLZBQAWQQ,AREA_LFZGZIW,CITY_NWOLTF,REGION_ZAQW
SELLER_YXFUDKORVS,AREA_LAFGRSQ,CITY_KVDLFC,REGION_ZAQW
SELLER_NJBTAIOYNQ,AREA_EVYGQLP,CITY_FZENAB,REGION_EKOC
SELLER_IZYKTOOKVG,AREA_OPMIJKB,CITY_WSJIOI,REGION_ZAQW
SELLER_LNDCMNSQJJ,AREA_UWHPNCA,CITY_QWQKKI,REGION_ZAQW
SELLER_CJCYDFBDOT,AREA_AVDCPFT,CITY_IYTTKK,REGION_ZAQW
SELLER_WJGWESNFIG,AREA_EKITPUH,CITY_NWOLTF,REGION_ZAQW
SELLER_SKIFEAUMFY,AREA_FDTECTJ,CITY_KRUHPY,REGION_ZAQW
SELLER_ZRSJVMALPH,AREA_YESNXKA,CITY_XHCYYT,REGION_ZMUB
SELLER_RQKGHJDKGZ,AREA_QPSHGOM,CITY_NWOLTF,REGION_ZAQW
SELLER_LKFTSICBNX,AREA_QCVZVIL,CITY_ZMBXRL,REGION_ZAQW
SELLER_TJJTCLCVTI,AREA_XSIZGCI,CITY_BAWDHL,REGION_ZAQW
SELLER_ODBCBNWHQL,AREA_XPKFLIR,CITY_FXDAGN,REGION_SNJF
SELLER_PQSUOQSCIF,AREA_NUAGPNU,CITY_ITGPBI,REGION_DCUP
SELLER_QFMYGEIZID,AREA_JDVWTVL,CITY_DNOLCW,REGION_SNJF
SELLER_PBFKZEHSFJ,AREA_UWQLFOK,CITY_HZDYMC,REGION_FLVI
SELLER_JGSASWTNAQ,AREA_OHLRQXQ,CITY_OJRCIF,REGION_ZAQW
SELLER_GEYKNPLYSJ,AREA_IONJSVZ,CITY_NWOLTF,REGION_ZAQW
SELLER_CTZPPYCGGF,AREA_JVVNFWO,CITY_IYTTKK,REGION_ZAQW
SELLER_YKMZYUUPZK,AREA_NMVNPSK,CITY_NWOLTF,REGION_ZAQW
SELLER_CYPWCZKFQP,AREA_GQYOTAN,CITY_TKTOVT,REGION_ZAQW
SELLER_EZHNBECXHP,AREA_XKSCHTB,CITY_PNHMHH,REGION_ZAQW
SELLER_PAMXRQGLVZ,AREA_PEOEPJI,CITY_NWOLTF,REGION_ZAQW
SELLER_YPJHPLRMIS,AREA_UOCQPKI,CITY_VPXVRU,REGION_WSPK
SELLER_DYXQRULAHS,AREA_KSMPMWG,CITY_ROJJRW,REGION_ZAQW
SELLER_BGGDRWLUDP,AREA_VBKWINV,CITY_GRMWTB,REGION_ZAQW
SELLER_PQAZVLEPIV,AREA_LAHUOAT,CITY_NWOLTF,REGION_ZAQW
SELLER_EOTEXQOTGI,AREA_CQGHDJM,CITY_FJMBQW,REGION_ZAQW
SELLER_UWTDUSQZLL,AREA_IKZUTRI,CITY_KUIXXC,REGION_FLVI
SELLER_WNNVJOYLWG,AREA_HZFXGPU,CITY_MWYUGF,REGION_ZAQW
SELLER_WNSFGCVJCP,AREA_OVZQGJL,CITY_WGGANE,REGION_ZAQW
SELLER_ZPPULCLKHG,AREA_LCPJOUV,CITY_MNGIUG,REGION_DJNN
SELLER_HQOUFYQQBF,AREA_FOGLEQG,CITY_CULFCV,REGION_WSPK
SELLER_PXMZIDKFJG,AREA_XVCIQIQ,CITY_WQAVVV,REGION_ZAQW
SELLER_LKPLQCMREK,AREA_TTWFRJH,CITY_NWOLTF,REGION_ZAQW
SELLER_FUTYQOLMSZ,AREA_MADDDOL,CITY_NWOLTF,REGION_ZAQW
SELLER_MWKTXTICYI,AREA_LQDDOFU,CITY_BYHMNH,REGION_SNJF
SELLER_WQZQOALMWF,AREA_VAFSBRY,CITY_NWOLTF,REGION_ZAQW
SELLER_DRJKNREUVS,AREA_HCDYAPA,CITY_QVSUET,REGION_ZAQW
SELLER_BXOWXEYUCE,AREA_MVJRDKR,CITY_ARIRQL,REGION_WSPK
SELLER_EBLVGURTQE,AREA_LRIDEWP,CITY_NWOLTF,REGION_ZAQW
SELLER_KOSIKPSNYI,AREA_ECGRMOW,CITY_NWOLTF,REGION_ZAQW
SELLER_TKADEHUUFF,AREA_SFELUSL,CITY_GQIOWS,REGION_ZAQW
SELLER_UXKRSPZELM,AREA_OUFTVVA,CITY_CUSPLX,REGION_ZAQW
SELLER_ZZMUPJDFOI,AREA_VCSFGYH,CITY_DBGGKW,REGION_SNJF
SELLER_BOSYSOYCQK,AREA_YSVSFDZ,CITY_BTYFBZ,REGION_FLVI
SELLER_ZJHAAFKARE,AREA_QKUBREQ,CITY_GRUOWT,REGION_ZAQW
SELLER_UAJBTTSTXV,AREA_NFOCZOS,CITY_ZVLCHW,REGION_ZAQW
SELLER_XHNNTMJDES,AREA_ZBQYBTW,CITY_AHPFPG,REGION_ZAQW
SELLER_JDHQVMGYCH,AREA_ITXMRRM,CITY_NWOLTF,REGION_ZAQW
SELLER_BBRZGDYDWF,AREA_QZNEKTV,CITY_NWOLTF,REGION_ZAQW
SELLER_FLWIOXIKVN,AREA_MPKFGKG,CITY_ZOBQSQ,REGION_ZAQW
SELLER_AISHAXGNLT,AREA_HDKSZWU,CITY_NWOLTF,REGION_ZAQW
SELLER_ARSCHDXNFV,AREA_MCNXWLS,CITY_INSQNF,REGION_FLVI
SELLER_RHKQFXQJLY,AREA_BKLLGXS,CITY_YTCHBP,REGION_WSPK
SELLER_LWCDEHXINW,AREA_YBRVTSD,CITY_QWQKKI,REGION_ZAQW
SELLER_CCEIRGNQZG,AREA_TRHFCAA,CITY_NWOLTF,REGION_ZAQW
SELLER_TSDQBFESKF,AREA_YEEPYTS,CITY_DNOLCW,REGION_SNJF
SELLER_JRWINISICZ,AREA_ERBRSFI,CITY_NWOLTF,REGION_ZAQW
SELLER_ZUDJPBXQNO,AREA_PAEOJJX,CITY_FPEWWA,REGION_MWXH
SELLER_TLRVEKDFRH,AREA_QUFKMZN,CITY_CVLMPK,REGION_ZMUB
SELLER_HLLVQUKMPC,AREA_EFGLPTV,CITY_ETWWTX,REGION_ZMUB
SELLER_JXCFVWOHOS,AREA_CEPCCAN,CITY_YSFTPB,REGION_ZAQW
SELLER_WDDJXZOEJE,AREA_VWRNWTY,CITY_KAQIXF,REGION_ZMUB
SELLER_FVZCRDVXLD,AREA_LHHSNAM,CITY_EDPCGW,REGION_QBFD
SELLER_OVWRIJMKVE,AREA_EROVEKW,CITY_ARZGUJ,REGION_WSPK
SELLER_FOYLYAETQX,AREA_GVSYGNX,CITY_TLNJQQ,REGION_SNJF
SELLER_TAMLDDHPKB,AREA_HXHGJQV,CITY_DNOLCW,REGION_SNJF
SELLER_OKXSZIDENQ,AREA_XNZBYFM,CITY_DNOLCW,REGION_SNJF
SELLER_ZGJNUALVVP,AREA_JOMPVSC,CITY_NWOLTF,REGION_ZAQW
SELLER_OZUQFZWAMO,AREA_SIUKILY,CITY_NWOLTF,REGION_ZAQW
SELLER_BVFTJISEVO,AREA_FYUVHAP,CITY_CCYAVL,REGION_ZAQW
SELLER_IRQLVWLASX,AREA_JYTFOKT,CITY_ZAYAZD,REGION_ZAQW
SELLER_QSSAFMCQKL,AREA_RECNJMF,CITY_NWOLTF,REGION_ZAQW
SELLER_FADNJLVGJU,AREA_PJJTVSG,CITY_EALZND,REGION_SNJF
SELLER_RWAZYYPCLJ,AREA_UOVFEFU,CITY_TXKEOF,REGION_SNJF
SELLER_NTOKGZWZTG,AREA_FIFQNRX,CITY_NWOLTF,REGION_ZAQW
SELLER_KGWRKRJXPA,AREA_ZAIXGYD,CITY_VDGVFK,REGION_ZDZK
SELLER_MOAXORDFLI,AREA_MYMGAIW,CITY_QYALQP,REGION_WSPK
SELLER_ZINOEFJAKJ,AREA_TBFZLQE,CITY_HZDYMC,REGION_FLVI
SELLER_HHTNNPULLX,AREA_FYUVHAP,CITY_CCYAVL,REGION_ZAQW
SELLER_OTOBTVCHVA,AREA_UYIVZDK,CITY_NWOLTF,REGION_ZAQW
SELLER_NWYSAOFICK,AREA_QINTDLN,CITY_QZOFPC,REGION_ZAQW
SELLER_PFAQTFLVJV,AREA_TFYSRZN,CITY_IOOCAQ,REGION_DYWE
SELLER_RDOGIMRNEQ,AREA_XDTNDFG,CITY_HYTYFF,REGION_SNJF
SELLER_EQKWUQTFIF,AREA_TLIFYVR,CITY_IOOCAQ,REGION_DYWE
SELLER_NGJVZSQAGO,AREA_UERRIDJ,CITY_AWRJVR,REGION_FLVI
SELLER_DLLVNJRUMZ,AREA_KUHIIXA,CITY_ALSCJU,REGION_ZMUB
SELLER_BWQGWFEBAV,AREA_FEUNWAB,CITY_ZVLCHW,REGION_ZAQW
SELLER_LEJWTSVXBV,AREA_VHEQAEL,CITY_CULFCV,REGION_WSPK
SELLER_WQAKCKQJPA,AREA_VRKWVCP,CITY_RBDEAA,REGION_ZAQW
SELLER_GUPQBBCCGC,AREA_DHCPHHF,CITY_FCDSIW,REGION_CGSL
SELLER_MVPRSJHMNN,AREA_OMNFLWB,CITY_ZVLCHW,REGION_ZAQW
SELLER_MACZPRTVWI,AREA_GMRNUIK,CITY_MHCKBO,REGION_FLVI
SELLER_PAJJLBQJWR,AREA_ZODHUUW,CITY_BRZHAR,REGION_WSPK
SELLER_BRLUPDJFBU,AREA_WOGPESV,CITY_KRKTIB,REGION_ZMUB
SELLER_NWKRFCNWQT,AREA_TDZHPZB,CITY_KVDLFC,REGION_ZAQW
SELLER_KPVCKVQEEI,AREA_DHGIOAF,CITY_VLIIGB,REGION_ZAQW
SELLER_NLZATFOBPU,AREA_LYKGOCM,CITY_DNOLCW,REGION_SNJF
SELLER_MYQBLPUHLA,AREA_NUGCEUU,CITY_NWOLTF,REGION_ZAQW
SELLER_RQXIQVJRGG,AREA_INALVQF,CITY_KOOYFU,REGION_ZMUB
SELLER_KJXRIBHPVL,AREA_EBWAYVS,CITY_QRSQIG,REGION_ZMUB
SELLER_NBMDFNUPQJ,AREA_YXSBATG,CITY_QVSUET,REGION_ZAQW
SELLER_SIDVDLMCPD,AREA_GAGRALH,CITY_AUSJMH,REGION_ZAQW
SELLER_SZIGDMJLIJ,AREA_IHDVKTU,CITY_DNOLCW,REGION_SNJF
SELLER_QNXUKIHWGR,AREA_EEWAJCZ,CITY_NWOLTF,REGION_ZAQW
SELLER_TGEQYPMTBN,AREA_CLAYCNX,CITY_ZOBQSQ,REGION_ZAQW
SELLER_MIKISZRSLC,AREA_EBWAYVS,CITY_QRSQIG,REGION_ZMUB
SELLER_UCHUTIPVOR,AREA_FVGCVXL,CITY_FBCDAU,REGION_SNJF
SELLER_UNAXLEIIJW,AREA_HRDUDQT,CITY_NWOLTF,REGION_ZAQW
SELLER_UMQAKZHHFO,AREA_SMLWXDQ,CITY_IOOCAQ,REGION_DYWE
SELLER_BFODERRORR,AREA_YGPYFAC,CITY_QQZGQR,REGION_ZAQW
SELLER_XJZVFXGLWJ,AREA_LPXAGUB,CITY_UPLAYW,REGION_ZAQW
SELLER_WLLNXHPVQZ,AREA_WOLFAKJ,CITY_ZOBQSQ,REGION_ZAQW
SELLER_EPKQIWGUOM,AREA_VVIKRZM,CITY_HZDYMC,REGION_FLVI
SELLER_SRENHWVSWM,AREA_LSJZSRC,CITY_ZVLCHW,REGION_ZAQW
SELLER_FGPPNHYJRQ,AREA_ACCWUKP,CITY_MYYEJC,REGION_ZMUB
SELLER_UWLXEPPZHK,AREA_HJIFJGH,CITY_ZAYAZD,REGION_ZAQW
SELLER_LXYIDLZOIJ,AREA_LJBBSUX,CITY_ROJJRW,REGION_ZAQW
SELLER_KVAYTDVDAV,AREA_ZFTPIUC,CITY_WYGDGP,REGION_FLVI
SELLER_PINQBKIWPD,AREA_XIJORBM,CITY_KRUHPY,REGION_ZAQW
SELLER_TXNAFFSBBF,AREA_YBRVTSD,CITY_QWQKKI,REGION_ZAQW
SELLER_RTXILHBQUJ,AREA_ACXIJKH,CITY_DUOMGQ,REGION_ZMUB
SELLER_FLUGEDHIEE,AREA_HUUQBGK,CITY_VDIYEC,REGION_SNJF
SELLER_BRHXKEDRAF,AREA_THDTDCU,CITY_IXAHRS,REGION_ZDZK
SELLER_HYDLSWBJHW,AREA_WJUTSOT,CITY_NWOLTF,REGION_ZAQW
SELLER_RNSBLNOLOX,AREA_YQTKART,CITY_WPXXVS,REGION_ZAQW
SELLER_HBQOODEAFR,AREA_TYNAWGQ,CITY_DNOLCW,REGION_SNJF
SELLER_ISNNEXFDKE,AREA_WQQYQUU,CITY_XHCYYT,REGION_ZMUB
SELLER_WWKCNQRPVC,AREA_PEQLPHZ,CITY_NWOLTF,REGION_ZAQW
SELLER_ZLQCKBCGMC,AREA_PXRMQEM,CITY_NWOLTF,REGION_ZAQW
SELLER_GRKQFGWHPU,AREA_ZWSGHYW,CITY_FZETIE,REGION_SNJF
SELLER_MQTQEKTAZC,AREA_ZHMLEYN,CITY_FENXSG,REGION_EKOC
SELLER_MPLBEMRGCZ,AREA_DQSHSYX,CITY_OKFIDZ,REGION_ZAQW
SELLER_GGFGNKHUBF,AREA_YMMXIEE,CITY_XUHRXA,REGION_ZAQW
SELLER_HVAAKWBGVO,AREA_AJFCCIA,CITY_ZVLCHW,REGION_ZAQW
SELLER_KUESHORMQV,AREA_ZTVRACG,CITY_DNOLCW,REGION_SNJF
SELLER_AYZSOGTAKX,AREA_ZWBUOXW,CITY_IYTTKK,REGION_ZAQW
SELLER_VCJOWMHHIW,AREA_GDXDBKK,CITY_ROJJRW,REGION_ZAQW
SELLER_HMDRCWLPCY,AREA_XJIDUUI,CITY_ROJJRW,REGION_ZAQW
SELLER_BTJICJZJAN,AREA_RKIYXDC,CITY_QQZGQR,REGION_ZAQW
SELLER_IJRUUYCPWP,AREA_HDQQHAB,CITY_OYUOYO,REGION_ZAQW
SELLER_DHSQXAMIXI,AREA_MBBXMCY,CITY_ZKHEDP,REGION_CGSL
SELLER_ZJXSZQBERX,AREA_VFUYEHQ,CITY_JSSLNJ,REGION_ZAQW
SELLER_MNOGVWLWER,AREA_EDJLNPB,CITY_WQAVVV,REGION_ZAQW
SELLER_SLUXFZKGRH,AREA_VTERDNY,CITY_EGDDOK,REGION_ZMUB
SELLER_VLMTWYNVAL,AREA_LOWKWGZ,CITY_NWOLTF,REGION_ZAQW
SELLER_DTRWLCEMFM,AREA_PBMDOVE,CITY_CULFCV,REGION_WSPK
SELLER_VAFNUAIDPW,AREA_IAONMUZ,CITY_HMNIHL,REGION_ZAQW
SELLER_XPKNMGXKYT,AREA_XJLVWTN,CITY_NWOLTF,REGION_ZAQW
SELLER_MXMQYQNOYV,AREA_ONRWKMU,CITY_XHCYYT,REGION_ZMUB
SELLER_OPXDPRGAKG,AREA_HPZDHGB,CITY_QWQKKI,REGION_ZAQW
SELLER_NTGRGGHRBC,AREA_PTVHJNU,CITY_DNOLCW,REGION_SNJF
SELLER_TULELVFOAE,AREA_SVGTTRB,CITY_VEPPLO,REGION_FLVI
SELLER_GFCZCZLAQK,AREA_HOSFSNO,CITY_NWOLTF,REGION_ZAQW
SELLER_QGEVABYXXS,AREA_UTIGCHC,CITY_DNOLCW,REGION_SNJF
SELLER_OHIOLVYOPJ,AREA_ZDKCDQH,CITY_QLINEJ,REGION_DYWE
SELLER_HMQXCCMTDU,AREA_FAATATT,CITY_DVJXYI,REGION_ZAQW
SELLER_LXADSECHZC,AREA_KTZILTY,CITY_AFQUYY,REGION_SNJF
SELLER_BILZPRTKHE,AREA_BNYPTFA,CITY_FKUCFC,REGION_ZAQW
SELLER_SDNGMBQIOV,AREA_KCIUKZS,CITY_NWOLTF,REGION_ZAQW
SELLER_ARNJMDVKRV,AREA_HLVPOTL,CITY_KRUHPY,REGION_ZAQW
SELLER_WXNBVKCYZV,AREA_GDPIOSX,CITY_NWOLTF,REGION_ZAQW
SELLER_VCJWFJAKUN,AREA_GDADIUS,CITY_GQIOWS,REGION_ZAQW
SELLER_IOKUJJTPIK,AREA_FRNVQUX,CITY_WCRPHW,REGION_ZAQW
SELLER_DDOJYUQNJX,AREA_XTQKSJC,CITY_MVQGDB,REGION_WSPK
SELLER_EXVKQOXRMD,AREA_NXBCNRL,CITY_ZOBQSQ,REGION_ZAQW
SELLER_DIVVUXSEUP,AREA_YVORYFP,CITY_NMLACH,REGION_ZAQW
SELLER_HCLLWMPECC,AREA_SLJFRGM,CITY_TLNJQQ,REGION_SNJF
SELLER_IDGOITILGX,AREA_OHXGJZQ,CITY_BYHWVZ,REGION_ZAQW
SELLER_ALJWBJXBAZ,AREA_QMYCFMH,CITY_CILJXC,REGION_WSPK
SELLER_FCAILMDPUX,AREA_TVWUOED,CITY_DFJOZT,REGION_ZAQW
SELLER_RAVURANMYR,AREA_OHLRQXQ,CITY_OJRCIF,REGION_ZAQW
SELLER_ALFMJSITQD,AREA_NOIJFLR,CITY_LWRCQR,REGION_ZMUB
SELLER_NJLRNIGQAU,AREA_XJOOKRM,CITY_UCVIOR,REGION_DYWE
SELLER_WVCJFQSYXY,AREA_GAOMUFY,CITY_UEVXHQ,REGION_ZAQW
SELLER_CNBFJQLHLB,AREA_EYHNIVJ,CITY_NWOLTF,REGION_ZAQW
SELLER_OFNTJXTPVH,AREA_TDCRGTY,CITY_HFAHBL,REGION_SNJF
SELLER_OLVHGIEJMI,AREA_AWWFCTV,CITY_KUIXXC,REGION_FLVI
SELLER_SBSYUVIHJM,AREA_GNKPTRN,CITY_VEPPLO,REGION_FLVI
SELLER_SHIVQCWGDZ,AREA_QGTMIBS,CITY_ZOGXVI,REGION_ZAQW
SELLER_TULYSSDRWH,AREA_ISTRMLK,CITY_GZNFUI,REGION_RYAS
SELLER_SYLXVBOQYZ,AREA_JTMSOFL,CITY_XXAUJS,REGION_ZAQW
SELLER_UVIARIYGQM,AREA_CDCLHHB,CITY_NAMZQI,REGION_CGSL
SELLER_SNZMWBXBSL,AREA_QEJFPKQ,CITY_CULFCV,REGION_WSPK
SELLER_AFIMONALYT,AREA_DYWNIZC,CITY_GGZELG,REGION_ZAQW
SELLER_JJFPFFXOYN,AREA_CXAGFBG,CITY_HKSTWV,REGION_ZAQW
SELLER_CVZTIMGXOS,AREA_OHLRQXQ,CITY_OJRCIF,REGION_ZAQW
SELLER_NZFJBYISXJ,AREA_YOFQDQT,CITY_FZETIE,REGION_SNJF
SELLER_MMSUCJJCES,AREA_BATHUKB,CITY_VUDLER,REGION_SNJF
SELLER_YKWTOWGSWP,AREA_KQRRZAR,CITY_BLLIVZ,REGION_FLVI
SELLER_FMJWDJVXPE,AREA_LAKMHBI,CITY_DHHUHM,REGION_ZAQW
SELLER_JHUTSDRTWO,AREA_WSHZNDC,CITY_DNOLCW,REGION_SNJF
SELLER_DPNUBGXCZL,AREA_JNWZYOP,CITY_HMNIHL,REGION_ZAQW
SELLER_JVYPZMULMM,AREA_KMJVSCX,CITY_NWOLTF,REGION_ZAQW
SELLER_SCHCXLTBCK,AREA_JKUMLQG,CITY_AUSJMH,REGION_ZAQW
SELLER_NROPPRJHMA,AREA_VTNWIWP,CITY_AFQUYY,REGION_SNJF
SELLER_VISCWMWIWQ,AREA_ORRMFXA,CITY_NWOLTF,REGION_ZAQW
SELLER_RZGAVAHWJK,AREA_LVPLIXS,CITY_QQZGQR,REGION_ZAQW
SELLER_ODCXUMMPZK,AREA_EHBVBXW,CITY_IYTTKK,REGION_ZAQW
SELLER_PQKVSKXUBG,AREA_EOQYRKS,CITY_RBDEAA,REGION_ZAQW
SELLER_NOFYTIPFDR,AREA_IYDAQGV,CITY_WBAZQV,REGION_ZMUB
SELLER_HQCNMYQRYO,AREA_FQQUYAM,CITY_RUDVCV,REGION_ZAQW
SELLER_KHSUBRWSXX,AREA_BYPWMTD,CITY_ZVLCHW,REGION_ZAQW
SELLER_OFBFYGQUFF,AREA_QJJALEZ,CITY_VDIYEC,REGION_SNJF
SELLER_LGKBFBWRJC,AREA_UFBJLSU,CITY_DBGGKW,REGION_SNJF
SELLER_FZHJLPOAWM,AREA_MMCNCHT,CITY_NWOLTF,REGION_ZAQW
SELLER_SEZZNWHPYB,AREA_EWRUBVC,CITY_GWTXUS,REGION_ZAQW
SELLER_ZNUPNHRLMD,AREA_BJDJYFY,CITY_DVJXYI,REGION_ZAQW
SELLER_HRDMHHOOPV,AREA_EHHIERZ,CITY_NWOLTF,REGION_ZAQW
SELLER_ALTXQMLENN,AREA_PMMOAYK,CITY_NWOLTF,REGION_ZAQW
SELLER_MKWNYKYKCW,AREA_KCNZLKI,CITY_AHPFPG,REGION_ZAQW
SELLER_PYRAAOPKLL,AREA_UFBJLSU,CITY_DBGGKW,REGION_SNJF
SELLER_CWCVCEUURH,AREA_NFQJFQC,CITY_QWQKKI,REGION_ZAQW
SELLER_HQHBMUOJHJ,AREA_UBRODLE,CITY_KOOYFU,REGION_ZMUB
SELLER_VECOQOCVFZ,AREA_DHNGPOY,CITY_CULFCV,REGION_WSPK
SELLER_WJXSSLJITL,AREA_MQLBCFN,CITY_ASHULG,REGION_ZAQW
SELLER_QFZPCYHZJY,AREA_XDQCRIU,CITY_NWOLTF,REGION_ZAQW
SELLER_RHEXJYTVQZ,AREA_AFVUMFS,CITY_DNOLCW,REGION_SNJF
SELLER_SLGVTDQFQX,AREA_DGTQYGV,CITY_EWLBKK,REGION_SNJF
SELLER_QTOENOKHQL,AREA_EWDZBAT,CITY_SGDOXH,REGION_DYWE
SELLER_MJAWMANGZK,AREA_EACHNUN,CITY_AHOHDS,REGION_ZAQW
SELLER_HBOYHXQBOW,AREA_KKSNNOT,CITY_NWOLTF,REGION_ZAQW
SELLER_DWBINXXBGE,AREA_FPLBRSD,CITY_NWOLTF,REGION_ZAQW
SELLER_DGERZEBAUX,AREA_QFPPLNK,CITY_NWOLTF,REGION_ZAQW
SELLER_HEHYHNOCVY,AREA_OVSQKKN,CITY_EEXIJQ,REGION_SNJF
SELLER_SEYELETBSQ,AREA_OCPXUTE,CITY_UKDOQP,REGION_FLVI
SELLER_XVIJVWVBVR,AREA_HBRESJC,CITY_NWOLTF,REGION_ZAQW
SELLER_EQWGZTSYII,AREA_KMEDXWU,CITY_XHCYYT,REGION_ZMUB
SELLER_IGBIVXHOFY,AREA_SSCKSVA,CITY_SGDOXH,REGION_DYWE
SELLER_EWZBJKCCYC,AREA_RSFRIUG,CITY_WEKLLH,REGION_ZAQW
SELLER_YYDPSGBDMH,AREA_XCGYYKA,CITY_DNOLCW,REGION_SNJF
SELLER_YNMNRXRBLR,AREA_BTGNVHA,CITY_NWOLTF,REGION_ZAQW
SELLER_BQYIKGRWRY,AREA_UQOHWER,CITY_KUIXXC,REGION_FLVI
SELLER_WHQPKEQVZO,AREA_KFJTTER,CITY_NWOLTF,REGION_ZAQW
SELLER_PZBNCZWRPA,AREA_MRDLXMX,CITY_HKSTWV,REGION_ZAQW
SELLER_TVYFGDNWGU,AREA_ZUJXLKR,CITY_IYTTKK,REGION_ZAQW
SELLER_ORKKLDPDGC,AREA_FPIDSMN,CITY_NGIDHF,REGION_ZMUB
SELLER_KYFBCWICZN,AREA_OUFTVVA,CITY_CUSPLX,REGION_ZAQW
SELLER_CNLKZIHIGF,AREA_ACXPVYB,CITY_NWOLTF,REGION_ZAQW
SELLER_QQHLIFYJCS,AREA_LDPMDDV,CITY_NWOLTF,REGION_ZAQW
SELLER_QJIVEWUJGS,AREA_GTGRSCH,CITY_NWOLTF,REGION_ZAQW
SELLER_MNUOKZCSNA,AREA_YOAOOTO,CITY_HMNIHL,REGION_ZAQW
SELLER_DBRQEBUPYC,AREA_PBXXOHW,CITY_NWOLTF,REGION_ZAQW
SELLER_JVNNGOXONF,AREA_AQZECBX,CITY_NMFTZH,REGION_SNJF
SELLER_SVKWUKJZQU,AREA_ASMLRMI,CITY_ZTUYAI,REGION_ZMUB
SELLER_GTCWRLBPXC,AREA_QEOCYLT,CITY_GYLMOK,REGION_BQGV
SELLER_LMZNIGSSRI,AREA_FGSGZEM,CITY_WBAZQV,REGION_ZMUB
SELLER_EGGSDMOFZZ,AREA_ODUVOZJ,CITY_NWOLTF,REGION_ZAQW
SELLER_LUIQZALYDH,AREA_XSBJLNW,CITY_KVDLFC,REGION_ZAQW
SELLER_VYHPAGMLXF,AREA_DZKYEXV,CITY_AHOHDS,REGION_ZAQW
SELLER_QKZKCOQUFC,AREA_FUWYIOG,CITY_RUDVCV,REGION_ZAQW
SELLER_AVKMODHYRD,AREA_TFFUXXQ,CITY_NWOLTF,REGION_ZAQW
SELLER_NQGTUIDCWB,AREA_VXAXPOE,CITY_NWOLTF,REGION_ZAQW
SELLER_SVQGTAZYRX,AREA_ZZKXMEX,CITY_QDRBWP,REGION_SNJF
SELLER_XRWZRCRTIW,AREA_LYZXKLI,CITY_ZVLCHW,REGION_ZAQW
SELLER_ESOGYOFNXA,AREA_BMTGSHO,CITY_GYLMOK,REGION_BQGV
SELLER_REJZEHDGER,AREA_JMBXOZR,CITY_QZOFPC,REGION_ZAQW
SELLER_JOYBNRXYAG,AREA_BQSJZKV,CITY_SPUSRK,REGION_ZAQW
SELLER_VVKNDGBPPN,AREA_TFMAUBS,CITY_CQKTMH,REGION_ZAQW
SELLER_LWYTNFDZVZ,AREA_HCULPQB,CITY_HLSVLB,REGION_ZAQW
SELLER_RULMKRIBZD,AREA_RUQCRCR,CITY_UHRYYK,REGION_FLVI
SELLER_GYHHONQFYH,AREA_JOWKNGU,CITY_NWOLTF,REGION_ZAQW
SELLER_ZIQNMXLIFQ,AREA_ZHSXQIX,CITY_QVXRQC,REGION_HOWO
SELLER_VZKDAIQNXS,AREA_FPIDSMN,CITY_NGIDHF,REGION_ZMUB
SELLER_YEPMFNJXFS,AREA_UITPZLD,CITY_EWHCEK,REGION_FLVI
SELLER_GBNDVGTRKP,AREA_LWODGMS,CITY_NWOLTF,REGION_ZAQW
SELLER_LHFOJJCNRZ,AREA_VBKWINV,CITY_GRMWTB,REGION_ZAQW
SELLER_STNCYIRMOR,AREA_OAYANFH,CITY_NWOLTF,REGION_ZAQW
SELLER_HYZFOMTFTH,AREA_EBGJARW,CITY_SGDOXH,REGION_DYWE
SELLER_QNBKNZAKDP,AREA_GXQCFHY,CITY_WOCRIL,REGION_FLVI
SELLER_HLEXRMIHKY,AREA_VXAGWXW,CITY_AFQUYY,REGION_SNJF
SELLER_KOKMBPXFRN,AREA_CENOYFO,CITY_MYSVAU,REGION_ZAQW
SELLER_ALDMTIHUBO,AREA_YMCWLWW,CITY_NWOLTF,REGION_ZAQW
SELLER_LZJXUNNXWV,AREA_OZRYSIW,CITY_NWOLTF,REGION_ZAQW
SELLER_QXVYQHCEAF,AREA_BZMKIKW,CITY_NWOLTF,REGION_ZAQW
SELLER_MHHIKTZRVZ,AREA_JKUWGHY,CITY_ETKJON,REGION_ZAQW
SELLER_DCQWSVYWHU,AREA_FUHBAFN,CITY_NWOLTF,REGION_ZAQW
SELLER_MINDLIZBWH,AREA_TNLQJGX,CITY_MWKRZX,REGION_ZAQW
SELLER_QTZCSFTAIV,AREA_PANVOHV,CITY_AHPFPG,REGION_ZAQW
SELLER_HODCAEPUGY,AREA_FBOUWBG,CITY_LYENIM,REGION_SNJF
SELLER_XBRMXONBFB,AREA_ABKJPNK,CITY_CULFCV,REGION_WSPK
SELLER_XVHXIMDFCX,AREA_LRTAPJM,CITY_TRRLVY,REGION_ZAQW
SELLER_YYXXAHUJLS,AREA_QQREDQV,CITY_WCRPHW,REGION_ZAQW
SELLER_WQFIBXJZPQ,AREA_WSGHGIB,CITY_AHPFPG,REGION_ZAQW
SELLER_ZVXSJUMVEG,AREA_FKXHJCU,CITY_LXYEMD,REGION_WSPK
SELLER_SRGXXOGQTP,AREA_OYWPRQZ,CITY_LDQCID,REGION_ZMUB
SELLER_XAZSFYNPXP,AREA_FPAJRQW,CITY_KRUHPY,REGION_ZAQW
SELLER_OVNXNZBKOY,AREA_MFLXIAE,CITY_ROJJRW,REGION_ZAQW
SELLER_GRAEKGTIOU,AREA_SCTFNOV,CITY_GYLMOK,REGION_BQGV
SELLER_HYNAZDVNNW,AREA_BQSJZKV,CITY_SPUSRK,REGION_ZAQW
SELLER_RNJABZVCLN,AREA_MLDEWUU,CITY_SUZDWP,REGION_FLVI
SELLER_IWTKTTCNVJ,AREA_CFUCQCM,CITY_NWOLTF,REGION_ZAQW
SELLER_CJWGYWQDJO,AREA_XNGBZMS,CITY_GQIOWS,REGION_ZAQW
SELLER_HSGCPAUHBI,AREA_AJNZAGP,CITY_TEXSJX,REGION_ZMUB
SELLER_TBPCUJYDMB,AREA_SMBEWPG,CITY_NZMTWL,REGION_ZDZK
SELLER_BYSAJGHTAI,AREA_XBPRFEG,CITY_DDWAOB,REGION_SNJF
SELLER_UUAZJBBHEX,AREA_DHNZTHI,CITY_NWOLTF,REGION_ZAQW
SELLER_CWQJCNHFOX,AREA_TCRGKWC,CITY_NWOLTF,REGION_ZAQW
SELLER_SLMYGBHIOK,AREA_OHLRQXQ,CITY_OJRCIF,REGION_ZAQW
SELLER_ISFXDTIXLU,AREA_BQLEXTW,CITY_CBOUJN,REGION_FLVI
SELLER_QEVMWYFJRW,AREA_YCFHLNL,CITY_CYTQDR,REGION_SNJF
SELLER_VDEMEKRKKV,AREA_JDWWIDB,CITY_NWOLTF,REGION_ZAQW
SELLER_ZOZJPLIJFL,AREA_ESFWWLY,CITY_ZNLWIU,REGION_ZAQW
SELLER_LDWCZLOTMD,AREA_JOJUIYC,CITY_XHCYYT,REGION_ZMUB
SELLER_GZWAIXKWMG,AREA_QEJFPKQ,CITY_CULFCV,REGION_WSPK
SELLER_VDGPUIPXIW,AREA_WNZDMSU,CITY_NWOLTF,REGION_ZAQW
SELLER_YKKRHONOCR,AREA_VSQHZCU,CITY_NWOLTF,REGION_ZAQW
SELLER_PJIBOBCAAW,AREA_TTTADMD,CITY_KOUMZJ,REGION_FLVI
SELLER_DDEILYCCKN,AREA_RFORXHT,CITY_POPVDC,REGION_ZMUB
SELLER_WCJKCOEZLF,AREA_JCCBCWW,CITY_OYWKEL,REGION_ZMUB
SELLER_JOLTJVCIFS,AREA_BBTWGVE,CITY_NWOLTF,REGION_ZAQW
SELLER_SZYGUEAWDT,AREA_WNLIMKJ,CITY_NWOLTF,REGION_ZAQW
SELLER_LMLIYJLHAO,AREA_FPZKKWK,CITY_TKTOVT,REGION_ZAQW
SELLER_MWVIJPPIOL,AREA_MULVPXU,CITY_KVDLFC,REGION_ZAQW
SELLER_BAXIYEDAPY,AREA_MDAVWDM,CITY_ARIRQL,REGION_WSPK
SELLER_PEAZMMONVZ,AREA_NLQQXGP,CITY_TLQIGX,REGION_ZMUB
SELLER_GHMCCHDKKF,AREA_YIEBZPB,CITY_YJPCZS,REGION_ZMUB
SELLER_ONUZBQWGKY,AREA_QJLUJLI,CITY_NWOLTF,REGION_ZAQW
SELLER_VNJFKQXIZM,AREA_OVGZNZU,CITY_OYWKEL,REGION_ZMUB
SELLER_VJRWZNZGQZ,AREA_ZIJUAAL,CITY_AFQUYY,REGION_SNJF
SELLER_SQNSXJPAQZ,AREA_YSJNCZN,CITY_KWJLYU,REGION_ZAQW
SELLER_QWABGGLNTO,AREA_DDJHQOQ,CITY_SPUSRK,REGION_ZAQW
SELLER_YSGRGBVUCM,AREA_ICYAKUM,CITY_CULFCV,REGION_WSPK
SELLER_WEEZLSAZEF,AREA_KHXHTID,CITY_IOOCAQ,REGION_DYWE
SELLER_JBYHPNKKCL,AREA_HDFHMLI,CITY_IHJWOA,REGION_SNJF
SELLER_EMXXDSQGIP,AREA_SSCKSVA,CITY_SGDOXH,REGION_DYWE
SELLER_JMRJGNQXAO,AREA_NXOTLAB,CITY_AUSJMH,REGION_ZAQW
SELLER_UUJJNKHVET,AREA_EJMZKQV,CITY_NWOLTF,REGION_ZAQW
SELLER_QBVVGHLVAV,AREA_FODHWGL,CITY_IOOCAQ,REGION_DYWE
SELLER_LTJCRSUODM,AREA_EICQZSM,CITY_TKTOVT,REGION_ZAQW
SELLER_GZRTJLHFBB,AREA_ZHBPAZL,CITY_NWOLTF,REGION_ZAQW
SELLER_WEEYLZMEGK,AREA_NGNUGAC,CITY_FBCDAU,REGION_SNJF
SELLER_CUDRQFEXMK,AREA_GTHLVLY,CITY_CBOUJN,REGION_FLVI
SELLER_OTJDNJZKOC,AREA_NLHIEZY,CITY_DNOLCW,REGION_SNJF
SELLER_FVAZPPWBEA,AREA_OZNAZSA,CITY_NWOLTF,REGION_ZAQW
SELLER_EDHZHLJVWB,AREA_DGREKSP,CITY_KONHYW,REGION_ZAQW
SELLER_ZGYXBDNDXY,AREA_ABXZFEO,CITY_QWQKKI,REGION_ZAQW
SELLER_AORRSWDMRK,AREA_EPCPHPW,CITY_NWOLTF,REGION_ZAQW
SELLER_FESTGEHIOE,AREA_ZLCIMJT,CITY_NWOLTF,REGION_ZAQW
SELLER_RIRVFQRTDW,AREA_UDYFCQN,CITY_BYHWVZ,REGION_ZAQW
SELLER_ZUOSWFRBNL,AREA_ITYWIAK,CITY_CQKTMH,REGION_ZAQW
SELLER_PTEKJYWVRJ,AREA_WKYRDYB,CITY_VLHSGQ,REGION_ZAQW
SELLER_ILZZBOMHDH,AREA_LXPCNCC,CITY_RUDVCV,REGION_ZAQW
SELLER_ULUXSFZCLW,AREA_UEIZUIL,CITY_NWOLTF,REGION_ZAQW
SELLER_FAMHLIABME,AREA_EZBWPHC,CITY_RUDVCV,REGION_ZAQW
SELLER_AKHDYOMHDL,AREA_JIUUJQW,CITY_ZMBXRL,REGION_ZAQW
SELLER_CHDAXTKKVT,AREA_BOZARYG,CITY_ZOMIFN,REGION_ZAQW
SELLER_UIWHCBZGYC,AREA_OXZMVEV,CITY_NWOLTF,REGION_ZAQW
SELLER_RULYRUNLXE,AREA_WVEVAEB,CITY_JDRPFH,REGION_ZAQW
SELLER_HJLUPCVGFY,AREA_OVSQKKN,CITY_EEXIJQ,REGION_SNJF
SELLER_YDAOZTAUFN,AREA_YGPYFAC,CITY_QQZGQR,REGION_ZAQW
SELLER_YIVLZYPUUO,AREA_HZMFZFN,CITY_KUJWAJ,REGION_WSPK
SELLER_NFDKAYZIQQ,AREA_ELAEVCV,CITY_BXBBDH,REGION_DYWE
SELLER_KNHFWXUWAE,AREA_DAGTOTS,CITY_ZXBCZR,REGION_ZAQW
SELLER_LAXMHGSKSK,AREA_LNGANOY,CITY_NWOLTF,REGION_ZAQW
SELLER_FVEJPTYAGU,AREA_PIDZZWV,CITY_XSSEJB,REGION_SNJF
SELLER_ULRKOQEEOI,AREA_ZJYFTST,CITY_CILJXC,REGION_WSPK
SELLER_KKMQSUFBLY,AREA_ZAXYTCK,CITY_KVDLFC,REGION_ZAQW
SELLER_UXZCISSYAQ,AREA_VQGSKZM,CITY_TQSXZP,REGION_ZAQW
SELLER_FOAOCMGSXE,AREA_OSCIODZ,CITY_LINXZJ,REGION_FLVI
SELLER_OCGUPDAZUX,AREA_XIXMYIC,CITY_NMFTZH,REGION_SNJF
SELLER_SBXTFVUWII,AREA_FRCMHGW,CITY_DNOLCW,REGION_SNJF
SELLER_FZVSOVTBRJ,AREA_XGECDFM,CITY_VXIWOH,REGION_FLVI
SELLER_DGRMWHIKMI,AREA_IGFJYRU,CITY_DUTVFP,REGION_ZDZK
SELLER_WJQRTGDYTF,AREA_LLQBXBM,CITY_NWOLTF,REGION_ZAQW
SELLER_AAQJAXXPLV,AREA_EPIOGCH,CITY_VDIYEC,REGION_SNJF
SELLER_QNJKAFPQLS,AREA_SVYMIYG,CITY_FPYPKJ,REGION_ZAQW
SELLER_RQYTCIHACM,AREA_TPXCDTA,CITY_DNOLCW,REGION_SNJF
SELLER_HBCPNJTJKM,AREA_CBBROIX,CITY_NWOLTF,REGION_ZAQW
SELLER_CVUQZZROML,AREA_YGFPFCS,CITY_MXWIIL,REGION_ZAQW
SELLER_MPKHIQBJZR,AREA_TZSWCVZ,CITY_DNOLCW,REGION_SNJF
SELLER_GCZVPAYKYV,AREA_ACMHDMX,CITY_JXBCPN,REGION_ZDZK
SELLER_QAFCOODGOP,AREA_HHWDYWW,CITY_DNOLCW,REGION_SNJF
SELLER_UTIXTFBDST,AREA_TGVLKLL,CITY_JLHNGY,REGION_SNJF
SELLER_OMOPIXSLNH,AREA_XYPWPRO,CITY_RBDEAA,REGION_ZAQW
SELLER_VMOXJGYWNK,AREA_APYDOFQ,CITY_ZOBQSQ,REGION_ZAQW
SELLER_SRFURRIZJM,AREA_AIBEYNU,CITY_VKOODC,REGION_ZAQW
SELLER_OXFNWWPNYW,AREA_VQJIRBL,CITY_GZQNRA,REGION_SNJF
SELLER_UJFWQORKLR,AREA_BGCICGL,CITY_GQIOWS,REGION_ZAQW
SELLER_VAKDKCGCYN,AREA_NECHWZG,CITY_WPXXVS,REGION_ZAQW
SELLER_BZNELPUJKQ,AREA_VOLFVBO,CITY_NWOLTF,REGION_ZAQW
SELLER_KDVDTMBNNU,AREA_MZKJGRI,CITY_ITRGKE,REGION_ZAQW
SELLER_UDWKJUMKJY,AREA_YNAJJEV,CITY_BAWDHL,REGION_ZAQW
SELLER_YPJPLHZNJN,AREA_FUEKPPR,CITY_NWOLTF,REGION_ZAQW
SELLER_YBGWPFCZPN,AREA_KGVSWWU,CITY_IYTTKK,REGION_ZAQW
SELLER_VPHKPNDEFO,AREA_NTLSPAR,CITY_ZXEZBR,REGION_ZAQW
SELLER_WEYBNXFPFY,AREA_ZVOCYBO,CITY_OZXJBN,REGION_ZAQW
SELLER_LXNNJKZLAU,AREA_YEWMSXJ,CITY_DTHDHW,REGION_ZAQW
SELLER_XISGQXMOOP,AREA_UEUMAGL,CITY_IOOCAQ,REGION_DYWE
SELLER_OMSYYJAVVR,AREA_TIWLEAC,CITY_HMNIHL,REGION_ZAQW
SELLER_PFQRDSTDFL,AREA_MLELIPQ,CITY_DNOLCW,REGION_SNJF
SELLER_MYUFVNYJPN,AREA_QNQDAYN,CITY_AUSJMH,REGION_ZAQW
SELLER_HYVCOOBAIM,AREA_ASNMBHT,CITY_DNOLCW,REGION_SNJF
SELLER_MXRULIATHI,AREA_AMHIXOA,CITY_CBOUJN,REGION_FLVI
SELLER_NRYXXIIEDR,AREA_ZQLNRWL,CITY_NWOLTF,REGION_ZAQW
SELLER_AISNYXOPKJ,AREA_XMBEJLZ,CITY_KRUHPY,REGION_ZAQW
SELLER_ZOAORUJQJT,AREA_ULOEBAK,CITY_HWGTXW,REGION_ZAQW
SELLER_KYACDSERKJ,AREA_UQYPVDB,CITY_ZKHEDP,REGION_CGSL
SELLER_GQQXLTHQDV,AREA_NVNFZFV,CITY_NWOLTF,REGION_ZAQW
SELLER_GLYXKVJDHT,AREA_LITCAAG,CITY_CULFCV,REGION_WSPK
SELLER_DPLSZXMEAO,AREA_CXTTZEW,CITY_KRUHPY,REGION_ZAQW
SELLER_RXFJBWXKKM,AREA_LPXAGUB,CITY_UPLAYW,REGION_ZAQW
SELLER_HPAIGOTCBZ,AREA_QWNZNFX,CITY_SGDOXH,REGION_DYWE
SELLER_RUCFWPJMHP,AREA_RYLOPUA,CITY_NWOLTF,REGION_ZAQW
SELLER_WFJVVQQAUD,AREA_EKUUDDA,CITY_NWOLTF,REGION_ZAQW
SELLER_VPIZFGMYUZ,AREA_KHCKHEJ,CITY_WCRPHW,REGION_ZAQW
SELLER_AWCALUDOXY,AREA_SEMJWUS,CITY_HLSVLB,REGION_ZAQW
SELLER_TLGURETTJM,AREA_GVENYBC,CITY_JPCSPT,REGION_DYWE
SELLER_CTMKOIKUXP,AREA_BZJGQCN,CITY_XHCYYT,REGION_ZMUB
SELLER_DXTYBETYYA,AREA_SRBRQEU,CITY_NWOLTF,REGION_ZAQW
SELLER_SVPOBXBSGH,AREA_NHFFZBD,CITY_ZVLCHW,REGION_ZAQW
SELLER_JXOMOMIVDQ,AREA_JHJEOHU,CITY_NWOLTF,REGION_ZAQW
SELLER_MZDDRHGGIV,AREA_CSSSNBN,CITY_ZOBQSQ,REGION_ZAQW
SELLER_JTFOVGZWAA,AREA_BVUVQOE,CITY_NWOLTF,REGION_ZAQW
SELLER_JSCGZDYGHE,AREA_WFKUOBD,CITY_NWOLTF,REGION_ZAQW
SELLER_QIGTSSAPXY,AREA_WXFEUPA,CITY_NWOLTF,REGION_ZAQW
SELLER_NRRMIFPEVR,AREA_KDIYWQD,CITY_NWOLTF,REGION_ZAQW
SELLER_DCWWTKMJXC,AREA_DNVJCWT,CITY_PRNUPL,REGION_WSPK
SELLER_OGUKTQACPA,AREA_RWFIPKE,CITY_NWOLTF,REGION_ZAQW
SELLER_MUWYCRWPHQ,AREA_INYQNEU,CITY_WPXXVS,REGION_ZAQW
SELLER_UZYFGREEEO,AREA_DNVJCWT,CITY_PRNUPL,REGION_WSPK
SELLER_WXVKFBXHYQ,AREA_XILQJYU,CITY_AUSJMH,REGION_ZAQW
SELLER_UBSKBKBQMF,AREA_GDPIOSX,CITY_NWOLTF,REGION_ZAQW
SELLER_EIPFTHQBJU,AREA_ZGUKHEZ,CITY_IXLDRA,REGION_ZAQW
SELLER_SUUZREDNUB,AREA_MJCSPGB,CITY_XHCYYT,REGION_ZMUB
SELLER_RWAUBNOJMS,AREA_ATMZONL,CITY_MYYEJC,REGION_ZMUB
SELLER_ROZUPZOWHL,AREA_XMLRFWB,CITY_QXVZVI,REGION_FLVI
SELLER_IPWXFQAHYI,AREA_UCVKOIS,CITY_OFZEOW,REGION_ZMUB
SELLER_HDZDPCJSSB,AREA_UPKDMOS,CITY_GYLMOK,REGION_BQGV
SELLER_YSVNFUMPDI,AREA_ZDIEFPC,CITY_BWUZHT,REGION_ZAQW
SELLER_GSJPEHYNHL,AREA_ZRYPXOS,CITY_MXWIIL,REGION_ZAQW
SELLER_XMQQXFZVAM,AREA_YPYXSTF,CITY_AYUJLS,REGION_ZAQW
SELLER_YHINHJCQCS,AREA_ZIBTHTJ,CITY_BYHWVZ,REGION_ZAQW
SELLER_DEBVHZSQUX,AREA_YSJNCZN,CITY_KWJLYU,REGION_ZAQW
SELLER_PARIKPIFJC,AREA_KHCKHEJ,CITY_WCRPHW,REGION_ZAQW
SELLER_QCXTADLQSO,AREA_BIAAXPE,CITY_AHOHDS,REGION_ZAQW
SELLER_VSNUVAQMFM,AREA_OJBUBDA,CITY_YFHEZS,REGION_RYAS
SELLER_LQOCXVISHW,AREA_DOIZVQI,CITY_NWOLTF,REGION_ZAQW
SELLER_SBMQHXWKAU,AREA_LPXAGUB,CITY_UPLAYW,REGION_ZAQW
SELLER_DLZIOOIRGY,AREA_YFTIOPL,CITY_NWOLTF,REGION_ZAQW
SELLER_UUHMEHPUPX,AREA_UUECEFP,CITY_YXISNU,REGION_FLVI
SELLER_QXEYFRGAWQ,AREA_KQPNKFR,CITY_CULFCV,REGION_WSPK
SELLER_AVTUSBLLES,AREA_ETAKTLF,CITY_VZZXGT,REGION_SNJF
SELLER_ENETGXPQGJ,AREA_OYMSNKN,CITY_CULFCV,REGION_WSPK
SELLER_BXGCQZCWQY,AREA_KQDHPRO,CITY_GYLMOK,REGION_BQGV
SELLER_BZFJDQSAIX,AREA_MCTVRQV,CITY_VDIYEC,REGION_SNJF
SELLER_FAOJZWJCDJ,AREA_ZCHGOOU,CITY_NBATFK,REGION_ZAQW
SELLER_ZWRVRSJGBZ,AREA_YFQGCZH,CITY_KVDLFC,REGION_ZAQW
SELLER_XDJWYVLLHH,AREA_PVUFMHA,CITY_ZKHEDP,REGION_CGSL
SELLER_KDACGPPCFF,AREA_LQAUHSI,CITY_AHAGBS,REGION_ZAQW
SELLER_AGTFOMAPAG,AREA_SUPONAL,CITY_AHAGBS,REGION_ZAQW
SELLER_SANBXCDTGA,AREA_PGFCQCO,CITY_XHCYYT,REGION_ZMUB
SELLER_JESZKBNJOM,AREA_UGEHEIT,CITY_SGDOXH,REGION_DYWE
SELLER_HMJKXTOJGR,AREA_AWKSRTC,CITY_NWOLTF,REGION_ZAQW
SELLER_VBPTXSYSBJ,AREA_RTWVYTD,CITY_NWOLTF,REGION_ZAQW
SELLER_VZTESTYOCO,AREA_ZAUJMBR,CITY_DNOLCW,REGION_SNJF
SELLER_AAMVOLNZTC,AREA_SBEHYKL,CITY_NWOLTF,REGION_ZAQW
SELLER_QYPWZZTSCH,AREA_LIAJOZG,CITY_NWOLTF,REGION_ZAQW
SELLER_AUMJJNXJPG,AREA_EXABRZF,CITY_MTVPBC,REGION_HOWO
SELLER_QONKCHJZSO,AREA_AYNOZGO,CITY_AUSJMH,REGION_ZAQW
SELLER_GPYPIGNQLF,AREA_FQRZXYC,CITY_KRUHPY,REGION_ZAQW
SELLER_DUSNRTSXBA,AREA_BUZEFNO,CITY_NWOLTF,REGION_ZAQW
SELLER_GUTKFVSJQO,AREA_GBNAJTS,CITY_TFZBQS,REGION_ZAQW
SELLER_MWHZFTEHSS,AREA_BOQMMZO,CITY_NWOLTF,REGION_ZAQW
SELLER_XTOSEACPJL,AREA_DBMDJRP,CITY_MXWIIL,REGION_ZAQW
SELLER_PRDFXBHVLZ,AREA_XVOHRBD,CITY_QZOFPC,REGION_ZAQW
SELLER_UFXTMIYGIG,AREA_JIOOPTL,CITY_HKUHPM,REGION_ZAQW
SELLER_UXCEIFYNIK,AREA_MXKUEFR,CITY_MFOJHT,REGION_ZAQW
SELLER_DTAZXUDYUO,AREA_VXFLGYU,CITY_GQIOWS,REGION_ZAQW
SELLER_OBKNNVCWOU,AREA_FFGXJOX,CITY_CCYAVL,REGION_ZAQW
SELLER_BENOEUIWEG,AREA_GFIZLJQ,CITY_PWMXQP,REGION_ZAQW
SELLER_TGDYKUJTYY,AREA_EROVEKW,CITY_ARZGUJ,REGION_WSPK
SELLER_QINCOBQYEX,AREA_UUNSWJW,CITY_DNOLCW,REGION_SNJF
SELLER_OOTNWEEMQO,AREA_RECLRIX,CITY_AFQUYY,REGION_SNJF
SELLER_QCCSUNDOCS,AREA_MLDEWUU,CITY_SUZDWP,REGION_FLVI
SELLER_NADRZZEBHQ,AREA_NVNIFDL,CITY_NWOLTF,REGION_ZAQW
SELLER_WHRLUOBNOB,AREA_XYPWPRO,CITY_RBDEAA,REGION_ZAQW
SELLER_PFATOOVVJJ,AREA_IINVZGN,CITY_SGDOXH,REGION_DYWE
SELLER_QWLFLFYWYW,AREA_UKJHRDR,CITY_KUIXXC,REGION_FLVI
SELLER_XZHMIKXWHI,AREA_WFBUMTG,CITY_MHDJAV,REGION_ZAQW
SELLER_LFHMBRDUYT,AREA_OUFTVVA,CITY_CUSPLX,REGION_ZAQW
SELLER_XRXLHEYFPY,AREA_WUNTQFC,CITY_AKYACN,REGION_DYWE
SELLER_YHFPTGTEDW,AREA_USYWTSB,CITY_APWVAV,REGION_ZMUB
SELLER_MHZBZLOJQP,AREA_GMMMSGU,CITY_NWOLTF,REGION_ZAQW
SELLER_UQAVMIAFPK,AREA_EVFDKZG,CITY_ZAYAZD,REGION_ZAQW
SELLER_ZZZSKUAWGZ,AREA_JIQPXWT,CITY_CULFCV,REGION_WSPK
SELLER_YZEJEWUAPI,AREA_CSKNHHB,CITY_ZVFJMV,REGION_ZMUB
SELLER_BKPZYYEFZO,AREA_MAWQFOV,CITY_NWOLTF,REGION_ZAQW
SELLER_TJEFYDZIQZ,AREA_ZCHGOOU,CITY_NBATFK,REGION_ZAQW
SELLER_XYMBVGDWZN,AREA_TIELTVG,CITY_DNOLCW,REGION_SNJF
SELLER_UVTHXOSZXP,AREA_VVUXXAP,CITY_NWOLTF,REGION_ZAQW
SELLER_IVXEWARVRU,AREA_BWFROLD,CITY_REJKAJ,REGION_OFEQ
SELLER_OFKQANNYHO,AREA_CJAPRTS,CITY_DNOLCW,REGION_SNJF
SELLER_NFHVOUHSNP,AREA_QXBJSVV,CITY_CFMQYO,REGION_WSPK
SELLER_TPNBKUZLSH,AREA_VVIKRZM,CITY_HZDYMC,REGION_FLVI
SELLER_SUJIFJDYYQ,AREA_FEAFGFT,CITY_EQIIRX,REGION_ZAQW
SELLER_OFOGBGRLEM,AREA_EBUIGYP,CITY_CULFCV,REGION_WSPK
SELLER_VGBDCLHLII,AREA_ZEXMIQC,CITY_PIVABE,REGION_FLVI
SELLER_OTYXLYWYAD,AREA_XWBABDH,CITY_FGNKUF,REGION_SNJF
SELLER_KURRVTOXWF,AREA_ESFWWLY,CITY_ZNLWIU,REGION_ZAQW
SELLER_JOOXTBDTPB,AREA_HNLDEOO,CITY_CULFCV,REGION_WSPK
SELLER_IKVDHBKNCH,AREA_PPQNDQT,CITY_DBGGKW,REGION_SNJF
SELLER_CIDVQYOSDV,AREA_LDSLYLQ,CITY_NWOLTF,REGION_ZAQW
SELLER_IBDZICXSMJ,AREA_DFOOXRP,CITY_MFOJHT,REGION_ZAQW
SELLER_KMWDEPJNRB,AREA_BQMSCPB,CITY_GYLMOK,REGION_BQGV
SELLER_CGLWLWZFKX,AREA_DRCGZBY,CITY_IULNFQ,REGION_SNJF
SELLER_DXHDYMBLPG,AREA_CUTKFVA,CITY_DNOLCW,REGION_SNJF
SELLER_ZZRPRIIYWD,AREA_GMKBWXT,CITY_MFOJHT,REGION_ZAQW
SELLER_HMJDDNUMMN,AREA_ZAKDPKW,CITY_CULFCV,REGION_WSPK
SELLER_NHXFFKILWF,AREA_AIGSGPI,CITY_XHCYYT,REGION_ZMUB
SELLER_ODMUMECFHH,AREA_FEAFGFT,CITY_EQIIRX,REGION_ZAQW
SELLER_QZXYWGDIJA,AREA_YAMJTAT,CITY_KUIXXC,REGION_FLVI
SELLER_YVWOEDEXYZ,AREA_OUFTVVA,CITY_CUSPLX,REGION_ZAQW
SELLER_VQFBKFFJIA,AREA_OXIYPYD,CITY_DHHUHM,REGION_ZAQW
SELLER_MSERFEJYKG,AREA_DJSGZHP,CITY_MPSUZF,REGION_ZAQW
SELLER_WCDGSTCUFN,AREA_FEAFGFT,CITY_EQIIRX,REGION_ZAQW
SELLER_PBMDUMEXDO,AREA_XZUOGDU,CITY_CONXKI,REGION_ZAQW
SELLER_ZBVFYLKAHL,AREA_BZZREAJ,CITY_PPBMDP,REGION_WSPK
SELLER_POARWMYLLR,AREA_ELMGGOZ,CITY_CULFCV,REGION_WSPK
SELLER_MDLRGWRZOP,AREA_NABBQGS,CITY_MVQGDB,REGION_WSPK
SELLER_DMHOTMVDXY,AREA_PBYUUGV,CITY_WBHCHB,REGION_FLVI
SELLER_YVHZNKMRMN,AREA_SXOITTL,CITY_GGZELG,REGION_ZAQW
SELLER_IIAIBALPSM,AREA_IXNFWZV,CITY_RBDEAA,REGION_ZAQW
SELLER_MGOBGSXPHP,AREA_BZWSKWI,CITY_NWOLTF,REGION_ZAQW
SELLER_EVNMGTOLWL,AREA_ZLKBYBR,CITY_DNOLCW,REGION_SNJF
SELLER_DYERZXZUXL,AREA_GWNBPKP,CITY_NWOLTF,REGION_ZAQW
SELLER_MNEBWHZJLE,AREA_IEUPGHY,CITY_EQIIRX,REGION_ZAQW
SELLER_ICTOLWZLEA,AREA_PDCSFMM,CITY_NWOLTF,REGION_ZAQW
SELLER_DLQZOOWPGQ,AREA_SMBCJTV,CITY_NWOLTF,REGION_ZAQW
SELLER_CJVYKFJNCD,AREA_TRHFCAA,CITY_NWOLTF,REGION_ZAQW
SELLER_JQEXRNFMIO,AREA_YIJANVX,CITY_ZOBQSQ,REGION_ZAQW
SELLER_PZULUSBLDO,AREA_RTULRQQ,CITY_NWOLTF,REGION_ZAQW
SELLER_VKSBBBWDUU,AREA_ZYBQLVX,CITY_NWOLTF,REGION_ZAQW
SELLER_NFXMKXGPAX,AREA_XKAJBHA,CITY_KALMNI,REGION_WSPK
SELLER_GKIBREGGDI,AREA_BIIVTGW,CITY_MYYEJC,REGION_ZMUB
SELLER_CFCXWRZUOE,AREA_YZWXRIU,CITY_NWOLTF,REGION_ZAQW
SELLER_HQFNPLIYPD,AREA_WSHZNDC,CITY_DNOLCW,REGION_SNJF
SELLER_NQACBVBESF,AREA_FWLRFPM,CITY_JHRWJM,REGION_ZAQW
SELLER_RTACYHAGYT,AREA_BSQARFY,CITY_NWOLTF,REGION_ZAQW
SELLER_NVESADQQOP,AREA_YQHKFBG,CITY_NWOLTF,REGION_ZAQW
SELLER_CJLNXHLRRV,AREA_ZZVUAIW,CITY_NWOLTF,REGION_ZAQW
SELLER_XAQGRBRPKR,AREA_IJCQLRG,CITY_ROJJRW,REGION_ZAQW
SELLER_TMNTZQYWVP,AREA_QDMSSPU,CITY_CCYAVL,REGION_ZAQW
SELLER_TINOXNLHKX,AREA_XGRLGRA,CITY_ZAYAZD,REGION_ZAQW
SELLER_ZWYEQHEKDF,AREA_BPGQEUT,CITY_UHRYYK,REGION_FLVI
SELLER_EATNDOIFYO,AREA_TIUVNHZ,CITY_NWOLTF,REGION_ZAQW
SELLER_GTMFFNYRQT,AREA_FVDPQYM,CITY_AUSJMH,REGION_ZAQW
SELLER_SCOWWCJINI,AREA_VIODVSB,CITY_ZVLCHW,REGION_ZAQW
SELLER_MJMDGWFZFN,AREA_IUPGNTG,CITY_NWOLTF,REGION_ZAQW
SELLER_PODDDOAJOT,AREA_JHCGQMM,CITY_EGERXC,REGION_WSPK
SELLER_CWQBJLLUTW,AREA_BSQARFY,CITY_NWOLTF,REGION_ZAQW
SELLER_AINCOKXIDD,AREA_OOBHVVF,CITY_HMNIHL,REGION_ZAQW
SELLER_AVXFKATPAC,AREA_TPAULVQ,CITY_NWOLTF,REGION_ZAQW
SELLER_JMTWKAIKRD,AREA_NOJKDAM,CITY_NWOLTF,REGION_ZAQW
SELLER_RJXERYVEIU,AREA_TRHFCAA,CITY_NWOLTF,REGION_ZAQW
SELLER_CVZIGTIHVV,AREA_THHOFSL,CITY_GXLTCQ,REGION_ZMUB
SELLER_DBKJOEMOCF,AREA_GFQXGCC,CITY_NWOLTF,REGION_ZAQW
SELLER_UJBTPXAKUR,AREA_UGNVMPB,CITY_NWOLTF,REGION_ZAQW
SELLER_YFEPHMPBJH,AREA_LCZNLGM,CITY_XHZHLN,REGION_ZMUB
SELLER_FVWEFGAUPN,AREA_KOKNPCE,CITY_FJNIAC,REGION_FLVI
SELLER_YSMJWCVDKS,AREA_FCDYEUT,CITY_NWOLTF,REGION_ZAQW
SELLER_EWYVOOWRJO,AREA_IARTBCT,CITY_NWOLTF,REGION_ZAQW
SELLER_KRIHBKAHIL,AREA_CTEMNRB,CITY_ZVLCHW,REGION_ZAQW
SELLER_OHXFQTGKSN,AREA_ZTURBQC,CITY_CULFCV,REGION_WSPK
SELLER_NDHGCATLBY,AREA_OUFTVVA,CITY_CUSPLX,REGION_ZAQW
SELLER_CMZEIAURZQ,AREA_NGZLATM,CITY_UKDOQP,REGION_FLVI
SELLER_KCTPUFIUXM,AREA_WBRKORQ,CITY_AHOHDS,REGION_ZAQW
SELLER_HFDWAOJCNG,AREA_EYHNIVJ,CITY_NWOLTF,REGION_ZAQW
SELLER_BDPNOPPXUG,AREA_MBGMRTL,CITY_WOCRIL,REGION_FLVI
SELLER_YHSBDKBWAJ,AREA_FFQVSOG,CITY_QVXRQC,REGION_HOWO
SELLER_PVHBXQGIUU,AREA_DDZCTQF,CITY_KRUHPY,REGION_ZAQW
SELLER_BAQTIWPGOA,AREA_CCSTGKE,CITY_QVXRQC,REGION_HOWO
SELLER_LMIEVVYFIG,AREA_LPXAGUB,CITY_UPLAYW,REGION_ZAQW
SELLER_JNXJCHTICM,AREA_CJSTMRZ,CITY_KALPRZ,REGION_ZMUB
SELLER_LTDHRNULOT,AREA_KLIAEUC,CITY_FABRYR,REGION_ZAQW
SELLER_APMXSGOZWA,AREA_WFBVYHE,CITY_XHCYYT,REGION_ZMUB
SELLER_QMRSFKYGQI,AREA_USSCMCB,CITY_CULFCV,REGION_WSPK
SELLER_BGITWMJQSO,AREA_TRUGOXK,CITY_VPXVRU,REGION_WSPK
SELLER_FOBCVSWJPK,AREA_WNZDMSU,CITY_NWOLTF,REGION_ZAQW
SELLER_CHUQOBIULE,AREA_LPXAGUB,CITY_UPLAYW,REGION_ZAQW
SELLER_OXUBDUTQMW,AREA_HFNLVPI,CITY_KONHYW,REGION_ZAQW
SELLER_PXCPUSZYMR,AREA_KVFKERP,CITY_KCQCWV,REGION_ZAQW
SELLER_AGDLZIQCZT,AREA_MLNFNOB,CITY_QPQOAI,REGION_DYWE
SELLER_XKQLEYVSFK,AREA_EVTQZZC,CITY_CCYAVL,REGION_ZAQW
SELLER_RQENYUVAJX,AREA_KDVKHRJ,CITY_NWOLTF,REGION_ZAQW
SELLER_PHBBPPPXOD,AREA_PAOXIAR,CITY_BYHMNH,REGION_SNJF
SELLER_KYZYMTVHAY,AREA_MXFSNTC,CITY_GQIOWS,REGION_ZAQW
SELLER_VVQXXZHECD,AREA_MODSLWV,CITY_VUDLER,REGION_SNJF
SELLER_VRKWHXJLTQ,AREA_MTPLRWO,CITY_NWOLTF,REGION_ZAQW
SELLER_RCPFMVHFFW,AREA_KJJSWSU,CITY_NWOLTF,REGION_ZAQW
SELLER_ZVOAEGMHDH,AREA_GNAHJXS,CITY_AWKBLO,REGION_ZAQW
SELLER_YGTPFPDGQA,AREA_WBDVWOI,CITY_NWOLTF,REGION_ZAQW
SELLER_IPRYRPJWCQ,AREA_ABMJFSI,CITY_NWOLTF,REGION_ZAQW
SELLER_XUNDDHIZHQ,AREA_ASFVQPR,CITY_NWOLTF,REGION_ZAQW
SELLER_XJSFNSNASL,AREA_TBFZLQE,CITY_HZDYMC,REGION_FLVI
SELLER_LECGIJYQPA,AREA_CQWLCYL,CITY_ZXEZBR,REGION_ZAQW
SELLER_ZEQMTOEDYY,AREA_MKUPYMJ,CITY_NWOLTF,REGION_ZAQW
SELLER_MELMVPRVLF,AREA_LNEKYEP,CITY_CCYAVL,REGION_ZAQW
SELLER_SDVCQOSIWC,AREA_AHJYXAP,CITY_NWOLTF,REGION_ZAQW
SELLER_BNVJIEVFVE,AREA_XJXHCTK,CITY_VDIYEC,REGION_SNJF
SELLER_HTCHETZBGD,AREA_GBGJWQW,CITY_NWOLTF,REGION_ZAQW
SELLER_DBVGLSPEMT,AREA_HGJTSVE,CITY_WUEFEU,REGION_SNJF
SELLER_BGRCYOSOAA,AREA_PZHISSN,CITY_KAQIXF,REGION_ZMUB
SELLER_RZOVYLAMCV,AREA_YXSBATG,CITY_QVSUET,REGION_ZAQW
SELLER_NSLMGGCPLU,AREA_RXYKMMK,CITY_YAIJGD,REGION_WSPK
SELLER_JZQTTJKCJE,AREA_FFCYBDS,CITY_OGEDKI,REGION_ZAQW
SELLER_AMPUMJZKCH,AREA_MHIVBZU,CITY_FMBGVQ,REGION_ZAQW
SELLER_OTJNRKHPKQ,AREA_PTYCXSV,CITY_CULFCV,REGION_WSPK
SELLER_QVVTJIPVCO,AREA_HXSFACA,CITY_ZOMIFN,REGION_ZAQW
SELLER_XXGSWYHYDB,AREA_FUWYIOG,CITY_RUDVCV,REGION_ZAQW
SELLER_QMPEHERIHS,AREA_WJTSUQG,CITY_XHCYYT,REGION_ZMUB
SELLER_WDFVKVSMSL,AREA_MSHXNJU,CITY_GKEEQX,REGION_ZAQW
SELLER_OGGRANPCVM,AREA_WILGWRR,CITY_NWOLTF,REGION_ZAQW
SELLER_BREREVUGWL,AREA_JVCSJLU,CITY_KUIXXC,REGION_FLVI
SELLER_YXGGZVNNWG,AREA_WORZYRY,CITY_ZKHEDP,REGION_CGSL
SELLER_FMRQLWMLAV,AREA_UPYXPED,CITY_MXWIIL,REGION_ZAQW
SELLER_SJDYGUSHIW,AREA_ILYSQNY,CITY_RBDEAA,REGION_ZAQW
SELLER_EXBDBDROMB,AREA_UBRODLE,CITY_KOOYFU,REGION_ZMUB
SELLER_RWPJTLSAOL,AREA_WGFDQUY,CITY_JQFZKD,REGION_DYWE
SELLER_OCYQSYPKGK,AREA_OGQPMIN,CITY_NWOLTF,REGION_ZAQW
SELLER_BZZLSBJKJM,AREA_ZARFFJY,CITY_CTGJDV,REGION_DCUP
SELLER_VZYAHMPQPA,AREA_YIZLPYZ,CITY_CBOUJN,REGION_FLVI
SELLER_DLCKFYWICT,AREA_CWZHFUH,CITY_UUXQWC,REGION_ZMUB
SELLER_DXXTQWAYXD,AREA_KCSWALV,CITY_QICTAX,REGION_ZAQW
SELLER_PCMKCUNDUX,AREA_QZUQMDC,CITY_VGZHYH,REGION_LAHW
SELLER_UNTNDSKESD,AREA_GSAIFRG,CITY_UCVIOR,REGION_DYWE
SELLER_ETDJRQJDMJ,AREA_GERAEJB,CITY_CBOUJN,REGION_FLVI
SELLER_RRHQUSEXOJ,AREA_WWUBZTE,CITY_BUHQMZ,REGION_FLVI
SELLER_NXKXTEUCOK,AREA_NBAUYGR,CITY_UKOMMM,REGION_ZAQW
SELLER_ODSLYBCUTQ,AREA_PCMYEFZ,CITY_DVJXYI,REGION_ZAQW
SELLER_MLRKIKDWZS,AREA_NWEHKZY,CITY_NGIDHF,REGION_ZMUB
SELLER_EKTKNTNDWQ,AREA_ROARCXF,CITY_WJMXKD,REGION_ZMUB
SELLER_RAUKULTRSV,AREA_RWZTJJQ,CITY_ZOMIFN,REGION_ZAQW
SELLER_ISYUQUAAOG,AREA_WJHPKEH,CITY_MYYEJC,REGION_ZMUB
SELLER_UIHEHFWHFP,AREA_EUZQAKB,CITY_APPTYQ,REGION_HOWO
SELLER_OALSOXSZHO,AREA_SJDAWDG,CITY_NJNEQR,REGION_ZAQW
SELLER_LOIXCITAPN,AREA_JLBDCOS,CITY_CULFCV,REGION_WSPK
SELLER_ULZZJYVUTG,AREA_MMXDOYK,CITY_YLKAXH,REGION_ZAQW
SELLER_QSLVHKNKHZ,AREA_AEKZGVM,CITY_QCMLFJ,REGION_SNJF
SELLER_RMHGIVHUMP,AREA_OHLRQXQ,CITY_OJRCIF,REGION_ZAQW
SELLER_OGIZSUZWDG,AREA_VYUNKYP,CITY_VBOWYP,REGION_ZMUB
SELLER_SBQGOKNGRE,AREA_QPXTQLS,CITY_PNHMHH,REGION_ZAQW
SELLER_WGQPTHLIXR,AREA_AJFCCIA,CITY_ZVLCHW,REGION_ZAQW
SELLER_CDTEVHGGJO,AREA_VCAEFJH,CITY_LGEIIZ,REGION_FLVI
SELLER_SJFFKNCZPH,AREA_NGZEFFH,CITY_NWOLTF,REGION_ZAQW
SELLER_BNGYZPRPVR,AREA_BBTWGVE,CITY_NWOLTF,REGION_ZAQW
SELLER_OBIVMSIFIR,AREA_KQVCJPI,CITY_GYLMOK,REGION_BQGV
SELLER_VFDHKIPGVE,AREA_NYLWAEF,CITY_SGDOXH,REGION_DYWE
SELLER_BHIXSAQXRE,AREA_HTJLQJA,CITY_KXDXYB,REGION_ZMUB
SELLER_KLMQIMSHAZ,AREA_ZUXHNAU,CITY_NWOLTF,REGION_ZAQW
SELLER_HUIWNHZYDO,AREA_FXBHEFG,CITY_NWOLTF,REGION_ZAQW
SELLER_VNDUSYYCXP,AREA_HDYSIRV,CITY_NWOLTF,REGION_ZAQW
SELLER_YOWWAXILAH,AREA_VXJVTOI,CITY_QQZGQR,REGION_ZAQW
SELLER_TVQFXKRZGA,AREA_CZEJHZO,CITY_JHHZUT,REGION_SNJF
SELLER_WHNOTPTFFU,AREA_OUFTVVA,CITY_CUSPLX,REGION_ZAQW
SELLER_BPQWKPOOWN,AREA_ZKBFBYD,CITY_NWOLTF,REGION_ZAQW
SELLER_GZPMLCOHDX,AREA_TMDRWOI,CITY_NWOLTF,REGION_ZAQW
SELLER_WFAPVGPJYQ,AREA_BZYIQDZ,CITY_BYHWVZ,REGION_ZAQW
SELLER_BAMYPJDDAM,AREA_HBVCZUP,CITY_BTPXZZ,REGION_DYWE
SELLER_DIOHRLAZGR,AREA_OLUTZAG,CITY_GQIOWS,REGION_ZAQW
SELLER_WBBTSNTRLQ,AREA_MGJQUDI,CITY_NWOLTF,REGION_ZAQW
SELLER_RZTSKMICGF,AREA_DGXKOCD,CITY_NWOLTF,REGION_ZAQW
SELLER_DDIEIIAWDK,AREA_EREOROG,CITY_WCRPHW,REGION_ZAQW
SELLER_MJCVINBFLZ,AREA_GTINMKR,CITY_YQXDTV,REGION_SNJF
SELLER_RKZQSAUMMC,AREA_TGVRXAV,CITY_JCDSPV,REGION_ZAQW
SELLER_ZBWYWDMDSZ,AREA_KYRXQLV,CITY_NWOLTF,REGION_ZAQW
SELLER_VYUZWUKUPG,AREA_CXAGFBG,CITY_HKSTWV,REGION_ZAQW
SELLER_CGQUWWGBGO,AREA_ZKSVYNL,CITY_QZOFPC,REGION_ZAQW
SELLER_SFVNQLGIIK,AREA_EMMTLWL,CITY_NWOLTF,REGION_ZAQW
SELLER_XQCGZUYIRE,AREA_LLWDCKP,CITY_PNHMHH,REGION_ZAQW
SELLER_GZVGBDDPAM,AREA_UNRKKUJ,CITY_AFQUYY,REGION_SNJF
SELLER_PACUGBDCDR,AREA_IZMPKDV,CITY_QHSTYC,REGION_ZMUB
SELLER_BWZVYFRYXG,AREA_AVDXRCO,CITY_NWOLTF,REGION_ZAQW
SELLER_QXVSBSRPSD,AREA_XYPAIDW,CITY_NWOLTF,REGION_ZAQW
SELLER_QCNWDFNCNN,AREA_LPXAGUB,CITY_UPLAYW,REGION_ZAQW
SELLER_JTOCDRWLDL,AREA_FEAFGFT,CITY_EQIIRX,REGION_ZAQW
SELLER_EFLHHACRFN,AREA_ZAUJMBR,CITY_DNOLCW,REGION_SNJF
SELLER_MFXENJTOAW,AREA_IHDVKTU,CITY_DNOLCW,REGION_SNJF
SELLER_FJBTJWXFAC,AREA_RITFIEZ,CITY_JLANWG,REGION_WSPK
SELLER_PQPKBTZWON,AREA_ZHEXMMH,CITY_VEPPLO,REGION_FLVI
SELLER_CYODHKYBHA,AREA_GFGUOAI,CITY_NWOLTF,REGION_ZAQW
SELLER_YGMBCMORAE,AREA_QXBUNRK,CITY_GYLMOK,REGION_BQGV
SELLER_JMYLSTHLTM,AREA_JOMPVSC,CITY_NWOLTF,REGION_ZAQW
SELLER_FTQWRVPKQJ,AREA_NCJZBHE,CITY_NWOLTF,REGION_ZAQW
SELLER_AXLQSQSVLG,AREA_MDGELKB,CITY_LFAMYT,REGION_SNJF
SELLER_PTPTGBQKKO,AREA_HDCSSRD,CITY_BLLIVZ,REGION_FLVI
SELLER_HKNRQHSUHC,AREA_PRXMXEQ,CITY_DNOLCW,REGION_SNJF
SELLER_PHOYNJUDVV,AREA_PACFGVK,CITY_QFNTFD,REGION_CGSL
SELLER_UGJDAHSHLU,AREA_XJLVWTN,CITY_NWOLTF,REGION_ZAQW
SELLER_RPGETDIPUV,AREA_TJFTTFG,CITY_CBOUJN,REGION_FLVI
SELLER_PMFXOXEBZQ,AREA_UQTOTZW,CITY_XSSEJB,REGION_SNJF
SELLER_XWZWUBKAZM,AREA_SXJCALA,CITY_NWOLTF,REGION_ZAQW
SELLER_LYPGRJDOUG,AREA_UEDZACS,CITY_NWOLTF,REGION_ZAQW
SELLER_BIOAJOPBEK,AREA_ZWIYPHH,CITY_EGERXC,REGION_WSPK
SELLER_FTXRNCRYBR,AREA_KAGVZPK,CITY_AFQUYY,REGION_SNJF
SELLER_LYFCVGYWAZ,AREA_TYNAWGQ,CITY_DNOLCW,REGION_SNJF
SELLER_UZISWPEXZA,AREA_PBALMVQ,CITY_XHCYYT,REGION_ZMUB
SELLER_JLNNXISXOT,AREA_MKMCOIC,CITY_TLLSWV,REGION_ZAQW
SELLER_LFNIRNXVYF,AREA_SXQLSQV,CITY_DNOLCW,REGION_SNJF
SELLER_KLECZHUOUA,AREA_SZTWPPB,CITY_NWOLTF,REGION_ZAQW
SELLER_FGMQCIUXSN,AREA_MLNFNOB,CITY_QPQOAI,REGION_DYWE
SELLER_PEADNEPRSP,AREA_ULOEBAK,CITY_HWGTXW,REGION_ZAQW
SELLER_NMECCTZNNO,AREA_CZEMNFM,CITY_NWOLTF,REGION_ZAQW
SELLER_HDCLIDHWYM,AREA_WJSACHM,CITY_EGXTXT,REGION_ZAQW
SELLER_WXBFNTHTMH,AREA_LCJQSUC,CITY_DUOMGQ,REGION_ZMUB
SELLER_NYVQNVVFOX,AREA_IHYIAZA,CITY_WQAVVV,REGION_ZAQW
SELLER_LUDDQGWMWU,AREA_VXAGWXW,CITY_AFQUYY,REGION_SNJF
SELLER_ZZDZTFUOMU,AREA_ZBOSEUD,CITY_NWOLTF,REGION_ZAQW
SELLER_YEYKGQHGHG,AREA_UEIZUIL,CITY_NWOLTF,REGION_ZAQW
SELLER_YBMFHQOIIL,AREA_QNQDAYN,CITY_AUSJMH,REGION_ZAQW
SELLER_KWEMKBCPQO,AREA_DUBRIKK,CITY_VMHHRG,REGION_DYWE
SELLER_GUSRIIEXMZ,AREA_SLJFRGM,CITY_TLNJQQ,REGION_SNJF
SELLER_MGYFJLPXTA,AREA_ESFWWLY,CITY_ZNLWIU,REGION_ZAQW
SELLER_XZESYMHHKY,AREA_GUMSPNG,CITY_CULFCV,REGION_WSPK
SELLER_TLDZCLENSX,AREA_DHTLTQR,CITY_SCWTZL,REGION_ZAQW
SELLER_IHAGOYCNSS,AREA_VMMXRDM,CITY_GGZELG,REGION_ZAQW
SELLER_OQLFQVLACI,AREA_QGINXUA,CITY_WUEFEU,REGION_SNJF
SELLER_GUJPSCLTLZ,AREA_TPMPFSE,CITY_NWOLTF,REGION_ZAQW
SELLER_QTORXHBYYI,AREA_TYNAWGQ,CITY_DNOLCW,REGION_SNJF
SELLER_SFKDFYURTF,AREA_ZWSGHYW,CITY_FZETIE,REGION_SNJF
SELLER_KNTOLISHEY,AREA_PLJOPVY,CITY_ZTUYAI,REGION_ZMUB
SELLER_GSKNCHYCCL,AREA_HHADXGD,CITY_GGZELG,REGION_ZAQW
SELLER_UJGJGYCPWR,AREA_TZTLNQE,CITY_MFOJHT,REGION_ZAQW
SELLER_VTWMOOGYFI,AREA_RUEJNQB,CITY_MJHQOQ,REGION_SNJF
SELLER_OIUHBXBMKC,AREA_LMCPCOW,CITY_EQSSSU,REGION_ZMUB
SELLER_QEKWBPIZEG,AREA_VYHKCBF,CITY_DNOLCW,REGION_SNJF
SELLER_ZFZFZVLRUY,AREA_WNNBUQL,CITY_XAARQU,REGION_FLVI
SELLER_XMHQUVBNXG,AREA_YCIORBC,CITY_GATRVG,REGION_QBFD
SELLER_GXTGHBKRWO,AREA_EFGLPTV,CITY_ETWWTX,REGION_ZMUB
SELLER_EGUOJXFPKE,AREA_DMDHABB,CITY_NWOLTF,REGION_ZAQW
SELLER_TJCCGDZDPI,AREA_MODSLWV,CITY_VUDLER,REGION_SNJF
SELLER_HTGVMPLOTR,AREA_CMJJXQP,CITY_NWOLTF,REGION_ZAQW
SELLER_SNPNPRLKVG,AREA_FRCMHGW,CITY_DNOLCW,REGION_SNJF
SELLER_HQBSEWJKPE,AREA_WFWAZFM,CITY_NWOLTF,REGION_ZAQW
SELLER_ZQKJKBUFKO,AREA_ICKTUAS,CITY_DNOLCW,REGION_SNJF
SELLER_IBMWMDKNAV,AREA_XPRVDML,CITY_NWOLTF,REGION_ZAQW
SELLER_DTWQECVYOO,AREA_WWXDDMR,CITY_NWOLTF,REGION_ZAQW
SELLER_QMKJFLAUMD,AREA_QABBCLE,CITY_KRUHPY,REGION_ZAQW
SELLER_WSGJHLAGME,AREA_DFRSVQH,CITY_NWOLTF,REGION_ZAQW
SELLER_YXFRNXGEMN,AREA_PLJYMAI,CITY_NWOLTF,REGION_ZAQW
SELLER_WIJJPLXLDI,AREA_PIDZZWV,CITY_XSSEJB,REGION_SNJF
SELLER_OOKVNSGUSG,AREA_CCYRDTE,CITY_NWOLTF,REGION_ZAQW
SELLER_VKRFDADCSA,AREA_JAVWXKI,CITY_NWOLTF,REGION_ZAQW
SELLER_ABWDFQWJXY,AREA_XPRVDML,CITY_NWOLTF,REGION_ZAQW
SELLER_XSAPEIEYWL,AREA_ADRXIYM,CITY_IYTTKK,REGION_ZAQW
SELLER_ZEQYWIQNRH,AREA_BRPYZFY,CITY_AFQUYY,REGION_SNJF
SELLER_XHYHNNOXDK,AREA_OKESMLV,CITY_NWOLTF,REGION_ZAQW
SELLER_IXTNMCPCRN,AREA_RJJEJOA,CITY_NWOLTF,REGION_ZAQW
SELLER_DNQVLFKZJE,AREA_FLWGMGN,CITY_ARFWJT,REGION_ZAQW
SELLER_YHDNNQEBSI,AREA_QVCNCWX,CITY_XHCYYT,REGION_ZMUB
SELLER_QIRHPXXBMW,AREA_GXAAOOV,CITY_FBPPFK,REGION_ZAQW
SELLER_VFOHYSVNEC,AREA_ORIJIQI,CITY_NWOLTF,REGION_ZAQW
SELLER_MNNPDWKFIF,AREA_EDUACLH,CITY_AFQUYY,REGION_SNJF
SELLER_BBWIYAOMVP,AREA_LIXCYYI,CITY_GQIOWS,REGION_ZAQW
SELLER_QGFVAJAEFX,AREA_TUWGVXZ,CITY_CULFCV,REGION_WSPK
SELLER_XXTKIGPKJV,AREA_YOXJYKE,CITY_NWOLTF,REGION_ZAQW
SELLER_ALFRAVMGPG,AREA_WMWLOBS,CITY_NWOLTF,REGION_ZAQW
SELLER_KXOVUAATYM,AREA_QCYBDFP,CITY_TLNJQQ,REGION_SNJF
SELLER_SQESXIOLFH,AREA_RPGQTPE,CITY_GGZELG,REGION_ZAQW
SELLER_IXGDCBPIJF,AREA_CWZHFUH,CITY_UUXQWC,REGION_ZMUB
SELLER_ZWTNNXRNGL,AREA_HZIXDPQ,CITY_KRUHPY,REGION_ZAQW
SELLER_GBDWVSEUBJ,AREA_KNWGSPA,CITY_DNOLCW,REGION_SNJF
SELLER_NYKBNITSSA,AREA_ZYBQLVX,CITY_NWOLTF,REGION_ZAQW
SELLER_DVRDKQTHSH,AREA_FAATATT,CITY_DVJXYI,REGION_ZAQW
SELLER_CKTFAGLFGO,AREA_BDGPKSX,CITY_IULNFQ,REGION_SNJF
SELLER_FBNSNRRJIY,AREA_AFAAIQM,CITY_NWOLTF,REGION_ZAQW
SELLER_GEVNJEKANL,AREA_ROOLOXH,CITY_NWOLTF,REGION_ZAQW
SELLER_USULRVPLMA,AREA_NKNKBVD,CITY_CULFCV,REGION_WSPK
SELLER_GHFCFUJQHQ,AREA_WWVMJJR,CITY_EEXIJQ,REGION_SNJF
SELLER_JZMUFGEWCR,AREA_PCLXMSS,CITY_XMDDCU,REGION_DYWE
SELLER_BQQYEQTTAG,AREA_LFSUEDR,CITY_NWOLTF,REGION_ZAQW
SELLER_IDXLZTTXDI,AREA_OUFTVVA,CITY_CUSPLX,REGION_ZAQW
SELLER_KOJVQXFXNA,AREA_WYFXCTJ,CITY_CULFCV,REGION_WSPK
SELLER_OQTOHMLMWM,AREA_XGRLGRA,CITY_ZAYAZD,REGION_ZAQW
SELLER_TCRIZXUJWV,AREA_DIEYSMT,CITY_NWOLTF,REGION_ZAQW
SELLER_ZVMQUHENVD,AREA_ZBYZNTE,CITY_ZKHEDP,REGION_CGSL
SELLER_NMXCGVEJJP,AREA_ZLKBYBR,CITY_DNOLCW,REGION_SNJF
SELLER_DOFAXXHRVQ,AREA_XCGYYKA,CITY_DNOLCW,REGION_SNJF
SELLER_XOJCMFFFHC,AREA_ERLLFNI,CITY_EEXIJQ,REGION_SNJF
SELLER_RNARXXRMQS,AREA_MZKJGRI,CITY_ITRGKE,REGION_ZAQW
SELLER_ZUJMJJBPFQ,AREA_DRHLYHD,CITY_NWOLTF,REGION_ZAQW
SELLER_EAESOSZKTH,AREA_ZNIQXJX,CITY_KRUHPY,REGION_ZAQW
SELLER_NABWZUXZWS,AREA_WZEQSCO,CITY_YLPNUX,REGION_ZAQW
SELLER_BCPXFOMEZM,AREA_WRDKYBQ,CITY_YQNGBA,REGION_FLVI
SELLER_TVWUYJIRCO,AREA_OUFTVVA,CITY_CUSPLX,REGION_ZAQW
SELLER_AOGIMPIMZA,AREA_WZLUXZU,CITY_GDSTGV,REGION_SNJF
SELLER_BDHGZNCRSU,AREA_UNWWPUD,CITY_NWOLTF,REGION_ZAQW
SELLER_SLWHCCRRJL,AREA_GYKLSMB,CITY_OGYQRZ,REGION_ZAQW
SELLER_XQHQDZFUTR,AREA_HFZNJXZ,CITY_NWOLTF,REGION_ZAQW
SELLER_POXTNMDMYZ,AREA_VXAGWXW,CITY_AFQUYY,REGION_SNJF
SELLER_HPXQWMZZMJ,AREA_KUYICZJ,CITY_ZOBQSQ,REGION_ZAQW
SELLER_ZJPILZGMOQ,AREA_VYUNKYP,CITY_VBOWYP,REGION_ZMUB
SELLER_EHUOIQWYQQ,AREA_HQAXGSJ,CITY_FXMWBO,REGION_ZMUB
SELLER_RFLQPXLMRT,AREA_JQVVSOD,CITY_QVXRQC,REGION_HOWO
SELLER_EJJWVPSMPL,AREA_WFBUMTG,CITY_MHDJAV,REGION_ZAQW
SELLER_MHQJAIZETK,AREA_LDSLYLQ,CITY_NWOLTF,REGION_ZAQW
SELLER_LJSBKWKONQ,AREA_FNKNJTB,CITY_HZDYMC,REGION_FLVI
SELLER_ZFHYFZTEXZ,AREA_IYALKHV,CITY_CULFCV,REGION_WSPK
SELLER_NLNQCCPDDN,AREA_XTCKQRD,CITY_NWOLTF,REGION_ZAQW
SELLER_FALYTGLQEC,AREA_ELEEMFM,CITY_NWOLTF,REGION_ZAQW
SELLER_AHAPBDVVTA,AREA_AHLVHNM,CITY_JDTTGC,REGION_DYWE
SELLER_GVILFATPFG,AREA_TSFGUMU,CITY_GYLMOK,REGION_BQGV
SELLER_DDIWPXGMZM,AREA_GXLGBVT,CITY_CBOUJN,REGION_FLVI
SELLER_FQGWOKYLSW,AREA_NDWRPXR,CITY_NWOLTF,REGION_ZAQW
SELLER_VZFOOUVVJA,AREA_RSGCHXP,CITY_NWOLTF,REGION_ZAQW
SELLER_WYUXAEHOUL,AREA_XAHORFH,CITY_ZOGXVI,REGION_ZAQW
SELLER_OIIWYTYBKO,AREA_SBSGPWC,CITY_MWKRZX,REGION_ZAQW
SELLER_PGSGQFQKOI,AREA_IGSXMHY,CITY_IYTTKK,REGION_ZAQW
SELLER_OACBJZABWU,AREA_XZUOGDU,CITY_CONXKI,REGION_ZAQW
SELLER_GCIKGRIBTA,AREA_CNZCZZN,CITY_HMNIHL,REGION_ZAQW
SELLER_NGYFKMVYHC,AREA_UXWDZSO,CITY_DNOLCW,REGION_SNJF
SELLER_POMCBEENUU,AREA_OUFTVVA,CITY_CUSPLX,REGION_ZAQW
SELLER_SZFOAEMPJZ,AREA_MNCTYBC,CITY_HMNIHL,REGION_ZAQW
SELLER_FHUFMSGADO,AREA_OUFTVVA,CITY_CUSPLX,REGION_ZAQW
SELLER_FJVTIZWWYA,AREA_TBBNAZG,CITY_BYHMNH,REGION_SNJF
SELLER_FRAMBGXLDN,AREA_YKOACPS,CITY_ROJJRW,REGION_ZAQW
SELLER_AFBKSYVUPL,AREA_BTJFKMZ,CITY_NWOLTF,REGION_ZAQW
SELLER_AJIGHCFXTY,AREA_WGUQFMB,CITY_NWOLTF,REGION_ZAQW
SELLER_YUPRISUMGW,AREA_HUEHBRU,CITY_ORDDOI,REGION_FLVI
SELLER_GLPDUZOXIE,AREA_MSIPQPY,CITY_MPSUZF,REGION_ZAQW
SELLER_WNXOYNEMIN,AREA_QQIKVJF,CITY_SGDOXH,REGION_DYWE
SELLER_UPVIAIRWKF,AREA_QABBCLE,CITY_KRUHPY,REGION_ZAQW
SELLER_LUGHCRNDPQ,AREA_CQHDROY,CITY_CULFCV,REGION_WSPK
SELLER_KCSOJWXSMQ,AREA_WZYWVMZ,CITY_UHHDBJ,REGION_ZDZK
SELLER_MSVFUQGECO,AREA_JPIVMCC,CITY_EQTGFK,REGION_ZAQW
SELLER_TCNMNSUELX,AREA_DYPLKDL,CITY_NWOLTF,REGION_ZAQW
SELLER_FLNTDRHXCU,AREA_EJJOUKU,CITY_NWOLTF,REGION_ZAQW
SELLER_FWZVKPQIIJ,AREA_DIKHRER,CITY_NWOLTF,REGION_ZAQW
SELLER_KSEZHLBADJ,AREA_RSSSEDV,CITY_NWOLTF,REGION_ZAQW
SELLER_DYLBHVHYBN,AREA_UNIJUSP,CITY_HMNIHL,REGION_ZAQW
SELLER_VINPPCEGES,AREA_TFTNIWM,CITY_WGGANE,REGION_ZAQW
SELLER_QRNRCKYLTU,AREA_YHZEMPS,CITY_NWOLTF,REGION_ZAQW
SELLER_MFVIAFDZSL,AREA_WJHPKEH,CITY_MYYEJC,REGION_ZMUB
SELLER_ZZDIKWNLIV,AREA_HULHTOS,CITY_DNOLCW,REGION_SNJF
SELLER_DVMVXCZKDN,AREA_OYCRNAO,CITY_DDXBUW,REGION_DCUP
SELLER_WNCVUQPHQK,AREA_HIVMGYO,CITY_NWOLTF,REGION_ZAQW
SELLER_GIZKTADLJD,AREA_NFVZXUR,CITY_AUSJMH,REGION_ZAQW
SELLER_ONFJFIYMUH,AREA_JDUBRCA,CITY_GZNFUI,REGION_RYAS
SELLER_LONZNPKJHO,AREA_IUBQIAA,CITY_GYLMOK,REGION_BQGV
SELLER_XQYVOVWRUQ,AREA_LSVMAXI,CITY_NWOLTF,REGION_ZAQW
SELLER_OPBOBDXYRJ,AREA_EFIPCNZ,CITY_RPLPNW,REGION_ZAQW
SELLER_VILIFYNAWT,AREA_USCPAYL,CITY_BMIIDM,REGION_SNJF
SELLER_CEBLKBIXFG,AREA_ZWTYJSK,CITY_NWOLTF,REGION_ZAQW
SELLER_NYUCBHQMXH,AREA_FIPKPUR,CITY_UKOMMM,REGION_ZAQW
SELLER_ZPSVGZLRSK,AREA_WDOUQHU,CITY_NWOLTF,REGION_ZAQW
SELLER_UXJHAOZDRR,AREA_FHYXGGZ,CITY_BLLIVZ,REGION_FLVI
SELLER_MEIKFDVWZZ,AREA_XEQFIPQ,CITY_GKEEQX,REGION_ZAQW
SELLER_OVQWVSEYWV,AREA_CNPVGNZ,CITY_NWOLTF,REGION_ZAQW
SELLER_DCIETKYZYT,AREA_HATTIJV,CITY_GQIOWS,REGION_ZAQW
SELLER_BWUSCSXYTL,AREA_XTVHGIL,CITY_GQIOWS,REGION_ZAQW
SELLER_DDTNCGGDUH,AREA_HHCQNFI,CITY_QZOFPC,REGION_ZAQW
SELLER_QBTZFPGPNC,AREA_GIFXGQW,CITY_CULFCV,REGION_WSPK
SELLER_GKRYICITXI,AREA_SVVDKHY,CITY_MXWIIL,REGION_ZAQW
SELLER_LCWKWANMCQ,AREA_ARMDKLE,CITY_GQIOWS,REGION_ZAQW
SELLER_DHCCZVYWQG,AREA_NMCELLI,CITY_ZAZIYZ,REGION_ZMUB
SELLER_ACTRAPGHOR,AREA_ECSCDHQ,CITY_ROJJRW,REGION_ZAQW
SELLER_EKNCATHLXQ,AREA_OOLSZPY,CITY_UHRYYK,REGION_FLVI
SELLER_MPLIKLFBMX,AREA_YCORAMZ,CITY_NWOLTF,REGION_ZAQW
SELLER_GOVUMWMUQL,AREA_VTNWIWP,CITY_AFQUYY,REGION_SNJF
SELLER_GZVIZELPRW,AREA_GXQCFHY,CITY_WOCRIL,REGION_FLVI
SELLER_RKIRMMSUGP,AREA_OUFTVVA,CITY_CUSPLX,REGION_ZAQW
SELLER_IELUDMUZYT,AREA_WBXNQNL,CITY_DNOLCW,REGION_SNJF
SELLER_HEAMBOFYYD,AREA_FXKKXHU,CITY_CFMQYO,REGION_WSPK
SELLER_FVVEJCJNZE,AREA_UCVKOIS,CITY_OFZEOW,REGION_ZMUB
SELLER_ZJOCNANLPT,AREA_SJAXKIA,CITY_MPSUZF,REGION_ZAQW
SELLER_AQQVLCPUIP,AREA_VXPCNFD,CITY_EEXIJQ,REGION_SNJF
SELLER_YTRMOFNENI,AREA_OGBEIVT,CITY_CZXQVE,REGION_HOWO
SELLER_COLDHFJQLH,AREA_DXABDUC,CITY_KRUHPY,REGION_ZAQW
SELLER_WDMPLHUSDX,AREA_GOUTPXW,CITY_NWOLTF,REGION_ZAQW
SELLER_XGRVXRELBQ,AREA_WYDWBYZ,CITY_NWOLTF,REGION_ZAQW
SELLER_VPBQDHURGY,AREA_ZDRODDX,CITY_NWOLTF,REGION_ZAQW
SELLER_VYZKHRXUGS,AREA_ZCIHSXW,CITY_NWOLTF,REGION_ZAQW
SELLER_RZHFWNYQCS,AREA_AVMBBLW,CITY_RUDVCV,REGION_ZAQW
SELLER_ZCVIJEKEEF,AREA_VSHLCDH,CITY_WEKLLH,REGION_ZAQW
SELLER_ALJVVKFWXD,AREA_FEWCZIP,CITY_ZXEZBR,REGION_ZAQW
SELLER_QOTOEDFKTX,AREA_DFVOIQL,CITY_XHCYYT,REGION_ZMUB
SELLER_SIJFTDEKST,AREA_OJKKUXN,CITY_NWOLTF,REGION_ZAQW
SELLER_BTYOYVVTFX,AREA_ZHQHNDD,CITY_NWOLTF,REGION_ZAQW
SELLER_TXZMFNAUPP,AREA_NLBYJAA,CITY_CZHFQZ,REGION_FLVI
SELLER_FAEZUGLTNH,AREA_FDTECTJ,CITY_KRUHPY,REGION_ZAQW
SELLER_PJQGDDWYWC,AREA_OUFTVVA,CITY_CUSPLX,REGION_ZAQW
SELLER_DLIGYBQFGH,AREA_SXQLSQV,CITY_DNOLCW,REGION_SNJF
SELLER_AYQEPKROKA,AREA_GNXZGYW,CITY_NWOLTF,REGION_ZAQW
SELLER_WDWHGRGKKJ,AREA_LDCAMFQ,CITY_SZLKNK,REGION_DYWE
SELLER_RULLCSUOGT,AREA_CMQZAAO,CITY_KAUUJI,REGION_RYAS
SELLER_NQPRUAGJAH,AREA_ONTYLVD,CITY_DUNYXR,REGION_SNJF
SELLER_QSDLSQHSXP,AREA_NJOMIJN,CITY_CULFCV,REGION_WSPK
SELLER_ODAXAVYQJM,AREA_PGJUZHV,CITY_NWOLTF,REGION_ZAQW
SELLER_GHRWNPPYWJ,AREA_DIZCPXO,CITY_NWOLTF,REGION_ZAQW
SELLER_OGYXNYFRUH,AREA_OLKCGQK,CITY_JBCIIZ,REGION_ZMUB
SELLER_FPTQDZSPFT,AREA_XJDCSKW,CITY_YTUARD,REGION_ZAQW
SELLER_THQLDCYUSW,AREA_MRYGSXL,CITY_XHCYYT,REGION_ZMUB
SELLER_SOFGYUUEZU,AREA_IPVJTNQ,CITY_NWOLTF,REGION_ZAQW
SELLER_JGFMOZETYX,AREA_WNKVTNO,CITY_ROJJRW,REGION_ZAQW
SELLER_DXWZOYSJME,AREA_OVDVJJD,CITY_LMFTUI,REGION_RYAS
SELLER_IUGJQDQSWV,AREA_CHGRLDO,CITY_GQIOWS,REGION_ZAQW
SELLER_ULFYDGBUHC,AREA_RJMJHZN,CITY_PBPXMC,REGION_FLVI
SELLER_WINBRHHDVA,AREA_YRSFDDI,CITY_DNOLCW,REGION_SNJF
SELLER_XNSDBXBNTG,AREA_YZUEPYY,CITY_WCRPHW,REGION_ZAQW
SELLER_EYCXFNIPHZ,AREA_PEOEPJI,CITY_NWOLTF,REGION_ZAQW
SELLER_MENJATLGDM,AREA_NDGJNTV,CITY_JRCFST,REGION_ZAQW
SELLER_JFSBJYVVZK,AREA_DSROOXC,CITY_HMNIHL,REGION_ZAQW
SELLER_TPRCCBICNL,AREA_QPUQQCI,CITY_EJDIAY,REGION_WSPK
SELLER_NPWZHPXNDL,AREA_VHZZZRT,CITY_NWOLTF,REGION_ZAQW
SELLER_UGSKMGUKTA,AREA_RQEMFRX,CITY_AHAGBS,REGION_ZAQW
SELLER_OAKZIQKTSS,AREA_SFERIRQ,CITY_CULFCV,REGION_WSPK
SELLER_QYQQPQTAUP,AREA_MPKFGKG,CITY_ZOBQSQ,REGION_ZAQW
SELLER_KMDYGWORLA,AREA_LVCCMWH,CITY_NWOLTF,REGION_ZAQW
SELLER_LDDDRCXPAY,AREA_GMBNXOY,CITY_NWOLTF,REGION_ZAQW
SELLER_QHXEXBTTEB,AREA_KUYICZJ,CITY_ZOBQSQ,REGION_ZAQW
SELLER_LSPVDINQAB,AREA_ZFTYJSV,CITY_TUKNIJ,REGION_ZMUB
SELLER_HKILVEMHEI,AREA_KVOQTLJ,CITY_RTCMZC,REGION_FLVI
SELLER_XKKYAFCRKP,AREA_FIFQNRX,CITY_NWOLTF,REGION_ZAQW
SELLER_LZKPHOJNJG,AREA_PEGIIJF,CITY_EEXIJQ,REGION_SNJF
SELLER_PRFBLBYBZI,AREA_HSFYUVS,CITY_NWOLTF,REGION_ZAQW
SELLER_FHRUUMCAZC,AREA_ZSFWEEK,CITY_NWOLTF,REGION_ZAQW
SELLER_FJWBHNYKIC,AREA_CBDTRFW,CITY_NWOLTF,REGION_ZAQW
SELLER_XQURZVJDZV,AREA_RDOKQXP,CITY_NWOLTF,REGION_ZAQW
SELLER_VDDRWBUHTS,AREA_PTVHJNU,CITY_DNOLCW,REGION_SNJF
SELLER_KSINJPFXZZ,AREA_LKTNSYS,CITY_XYKFMQ,REGION_ZAQW
SELLER_YHQQYXLYMY,AREA_ITEXEFS,CITY_OWQVHU,REGION_FLVI
SELLER_KHOBMFKOLX,AREA_NUPJRVJ,CITY_LLPDAY,REGION_WSPK
SELLER_WMOWUGWZGA,AREA_DVKUQEE,CITY_KRUHPY,REGION_ZAQW
SELLER_JDWWAHPJXY,AREA_FIJCCDZ,CITY_NWOLTF,REGION_ZAQW
SELLER_PBKLDLXANS,AREA_WROJKTS,CITY_KUIXXC,REGION_FLVI
SELLER_QZLDQNGBYF,AREA_XILKQIS,CITY_AHAGBS,REGION_ZAQW
SELLER_TBTPLFTHPF,AREA_LJOTOJI,CITY_NWOLTF,REGION_ZAQW
SELLER_RLGDGJATZT,AREA_NAITGLJ,CITY_DNOLCW,REGION_SNJF
SELLER_LQKOEAKBJG,AREA_FNEKOQX,CITY_EEJAZP,REGION_SNJF
SELLER_QKRXWBVRAN,AREA_WFBUMTG,CITY_MHDJAV,REGION_ZAQW
SELLER_AWTWPNBIZB,AREA_PFQUFKA,CITY_XHCYYT,REGION_ZMUB
SELLER_DSUYUUAHBP,AREA_IIXDUUU,CITY_VQJTKZ,REGION_DYWE
SELLER_KDDOFTDEOR,AREA_NXXHFKL,CITY_OEPXSE,REGION_DYWE
SELLER_HGBXHTDFEM,AREA_TFEWJHF,CITY_CTYAQL,REGION_ZDZK
SELLER_BANYZFPJCB,AREA_HLSBFGZ,CITY_NWOLTF,REGION_ZAQW
SELLER_CIELESRADH,AREA_DDJHQOQ,CITY_SPUSRK,REGION_ZAQW
SELLER_KPDNMSISAG,AREA_HRLXVBL,CITY_LMFTUI,REGION_RYAS
SELLER_MVGBRUBATM,AREA_GLHWXHO,CITY_JBASLN,REGION_SNJF
SELLER_WCHKDCCNCM,AREA_ATEMULX,CITY_NWOLTF,REGION_ZAQW
SELLER_DXYDWZNDGB,AREA_RFEXXDG,CITY_PPBMDP,REGION_WSPK
SELLER_IRMCZAMLCT,AREA_ILSCCGF,CITY_JBCFYT,REGION_CGSL
SELLER_JWDAZHNFUQ,AREA_VXFLGYU,CITY_GQIOWS,REGION_ZAQW
SELLER_JJRMIJHRUR,AREA_XGECDFM,CITY_VXIWOH,REGION_FLVI
SELLER_UACRGETLCO,AREA_MKMCOIC,CITY_TLLSWV,REGION_ZAQW
SELLER_IJNHUGYUII,AREA_UCPUWLC,CITY_VEPPLO,REGION_FLVI
SELLER_XWRXCBIKIQ,AREA_FORETFY,CITY_NWOLTF,REGION_ZAQW
SELLER_IYVRUIHXZQ,AREA_OZMUHYR,CITY_GYLMOK,REGION_BQGV
SELLER_FLNYTWCDYN,AREA_UUZKWTY,CITY_MSJQCL,REGION_ZAQW
SELLER_VJQXYUKUWI,AREA_UVNLASU,CITY_NWOLTF,REGION_ZAQW
SELLER_JSELVGEKMX,AREA_CLCTOLC,CITY_NWOLTF,REGION_ZAQW
SELLER_CTRMEUBTTQ,AREA_KHAFCMW,CITY_OCOECD,REGION_ZDZK
SELLER_NEPHTFBKRM,AREA_XVENBBH,CITY_ROJJRW,REGION_ZAQW
SELLER_EAFCWQEDRT,AREA_HMXFLJT,CITY_JDNMRW,REGION_RYAS
SELLER_PEGJKHCZPO,AREA_YGVYWGL,CITY_BGQEXE,REGION_DYWE
SELLER_WAOQDXAUYX,AREA_BAUQGOT,CITY_AHAGBS,REGION_ZAQW
SELLER_KCOKFODEYX,AREA_GTHLVLY,CITY_CBOUJN,REGION_FLVI
SELLER_LZPLPRCZAP,AREA_AZXYGEJ,CITY_VDIYEC,REGION_SNJF
SELLER_FNHZGRBOOF,AREA_OTMAVQD,CITY_ROJJRW,REGION_ZAQW
SELLER_YPNJWZZVOC,AREA_OSJSUHF,CITY_IYTTKK,REGION_ZAQW
SELLER_EPDVGMKUJK,AREA_GNWHPWA,CITY_KQGHRN,REGION_SNJF
SELLER_URXMFANHZX,AREA_TAEVXVK,CITY_NWOLTF,REGION_ZAQW
SELLER_HDERMNWZBF,AREA_TPVORRZ,CITY_RXBKJH,REGION_ZMUB
SELLER_WUXCYUQSGI,AREA_TYMPMEU,CITY_DNOLCW,REGION_SNJF
SELLER_IFZRHPREHH,AREA_ETPOEMH,CITY_ZKHEDP,REGION_CGSL
SELLER_BFZQJIWDSI,AREA_QETMGUF,CITY_IYTTKK,REGION_ZAQW
SELLER_HOIZUEIOAX,AREA_AYBTZEZ,CITY_JMHZON,REGION_ZAQW
SELLER_RRZPDGYDKI,AREA_NZVNLMN,CITY_ZKHEDP,REGION_CGSL
SELLER_OJKRTJUTYU,AREA_EJDTYWW,CITY_XNNXFV,REGION_ZMUB
SELLER_EDCGSVPRWP,AREA_QZXGWFH,CITY_AUSJMH,REGION_ZAQW
SELLER_KMPTHVNMDE,AREA_LYKGOCM,CITY_DNOLCW,REGION_SNJF
SELLER_SDIUHLAFJY,AREA_FNNQAKF,CITY_CBOUJN,REGION_FLVI
SELLER_VOAPAYVSNE,AREA_QTENYTK,CITY_WCRPHW,REGION_ZAQW
SELLER_PBJUCEDIDW,AREA_RJCBUDC,CITY_ZOBQSQ,REGION_ZAQW
SELLER_JJUSBUAORL,AREA_BQSJZKV,CITY_SPUSRK,REGION_ZAQW
SELLER_MWUSDKFPPY,AREA_JWAWHIA,CITY_HWRZOY,REGION_ZAQW
SELLER_LXDKLMVMOM,AREA_AMVVDCO,CITY_KVDLFC,REGION_ZAQW
SELLER_RIGYMFMEFI,AREA_RYXKUOQ,CITY_ZOBQSQ,REGION_ZAQW
SELLER_NCQEORTTMQ,AREA_QSNIDVY,CITY_NWOLTF,REGION_ZAQW
SELLER_LGHTWOOFLQ,AREA_VWNHLAK,CITY_MXWIIL,REGION_ZAQW
SELLER_XFWFKUEUKL,AREA_XTBJVQE,CITY_XHCYYT,REGION_ZMUB
SELLER_GPLCHNDTAW,AREA_XTVHGIL,CITY_GQIOWS,REGION_ZAQW
SELLER_WXQUSUQVRF,AREA_ELGXWJF,CITY_ACWYBL,REGION_WSPK
SELLER_EKKGMXJCCE,AREA_CFKWKXG,CITY_PHJEJG,REGION_ZMUB
SELLER_KHIVCDGUDU,AREA_MSLLTJV,CITY_QMJZFX,REGION_ZAQW
SELLER_RVUYRZXTTW,AREA_YSYJIIY,CITY_ZVLCHW,REGION_ZAQW
SELLER_FAQNLLEFBT,AREA_KCSWALV,CITY_QICTAX,REGION_ZAQW
SELLER_WNQFTHSJFN,AREA_ONVHKVG,CITY_CULFCV,REGION_WSPK
SELLER_IXVRMONBEZ,AREA_AULDQQG,CITY_XHCYYT,REGION_ZMUB
SELLER_RHTZKQMUDO,AREA_OLAGCKS,CITY_HMNIHL,REGION_ZAQW
SELLER_RLPVEOLUVP,AREA_NIHCVNK,CITY_WVUIIH,REGION_ZAQW
SELLER_WFTDFYVRBM,AREA_JSFKYWI,CITY_CNYYUC,REGION_DYWE
SELLER_QVFGRYGYLD,AREA_LOOCEOK,CITY_QYBIUH,REGION_ZAQW
SELLER_BSAUAJTTBP,AREA_IUORMYC,CITY_NWOLTF,REGION_ZAQW
SELLER_GDZZSBCTCK,AREA_TRHFCAA,CITY_NWOLTF,REGION_ZAQW
SELLER_FTGEGAZTHC,AREA_XTVHGIL,CITY_GQIOWS,REGION_ZAQW
SELLER_NBKWSSMEIC,AREA_VCSFGYH,CITY_DBGGKW,REGION_SNJF
SELLER_XQGUNGIIGO,AREA_SEHWCSW,CITY_ZVLCHW,REGION_ZAQW
SELLER_BGPLPLNKEP,AREA_GERAEJB,CITY_CBOUJN,REGION_FLVI
SELLER_LIMBKEOYBS,AREA_ADSFYCS,CITY_CCYAVL,REGION_ZAQW
SELLER_LTBWOATQSY,AREA_RYAJPUV,CITY_NWOLTF,REGION_ZAQW
SELLER_LNISONCVIZ,AREA_WHBEYWF,CITY_QVXRQC,REGION_HOWO
SELLER_HVBYPZNCPJ,AREA_DWMSNBL,CITY_IYTTKK,REGION_ZAQW
SELLER_TKMXYXONFE,AREA_ADEDUSC,CITY_NWOLTF,REGION_ZAQW
SELLER_YHUQFZCZBP,AREA_VMPYGTH,CITY_CCYAVL,REGION_ZAQW
SELLER_CPCCYJEZVM,AREA_HMUMVQB,CITY_ZXEZBR,REGION_ZAQW
SELLER_MAITXUGRFI,AREA_XEDYHUK,CITY_YAIJGD,REGION_WSPK
SELLER_VONLQQXRQS,AREA_TLIFYVR,CITY_IOOCAQ,REGION_DYWE
SELLER_DCSLOLGBOD,AREA_OXIYPYD,CITY_DHHUHM,REGION_ZAQW
SELLER_RCECKFQQOD,AREA_ISAOEHB,CITY_GINMYV,REGION_KVJR
SELLER_OYALYAVHJB,AREA_OLGBNYY,CITY_NWOLTF,REGION_ZAQW
SELLER_FKKCTIAZII,AREA_QRXKIAC,CITY_HNUIYC,REGION_SNJF
SELLER_ISOOAHKHJX,AREA_JCFLFXQ,CITY_GRMWTB,REGION_ZAQW
SELLER_CFSAJBSNEY,AREA_DAGTOTS,CITY_ZXBCZR,REGION_ZAQW
SELLER_OIAUNMQEGE,AREA_JXMNGPW,CITY_UCVIOR,REGION_DYWE
SELLER_KDQGXGZZYZ,AREA_FDVDEME,CITY_QQZGQR,REGION_ZAQW
SELLER_WCYLNWFNLC,AREA_FVDPQYM,CITY_AUSJMH,REGION_ZAQW
SELLER_VHBLODVPWM,AREA_CSHIMCU,CITY_XOHPOM,REGION_ZMUB
SELLER_VLQNMFDNAM,AREA_ZYSJKOA,CITY_NWOLTF,REGION_ZAQW
SELLER_HAHHBDXJIE,AREA_ULCMNNZ,CITY_XSSEJB,REGION_SNJF
SELLER_EIOIFXXFLJ,AREA_PONAADK,CITY_NWOLTF,REGION_ZAQW
SELLER_QHLULYMDPX,AREA_UUNSWJW,CITY_DNOLCW,REGION_SNJF
SELLER_BRDRHHUFIK,AREA_FNZEKEA,CITY_NWOLTF,REGION_ZAQW
SELLER_SXHUQYLCCM,AREA_BEAUJKR,CITY_SPUSRK,REGION_ZAQW
SELLER_OAJTQDTMGS,AREA_ZPFANLO,CITY_GYLMOK,REGION_BQGV
SELLER_UQTSOBNJOI,AREA_NXOTLAB,CITY_AUSJMH,REGION_ZAQW
SELLER_JFPDARXRUQ,AREA_WUPGYME,CITY_NWOLTF,REGION_ZAQW
SELLER_SDCNTSPDMW,AREA_RIMVYKO,CITY_ZAYAZD,REGION_ZAQW
SELLER_GXAXFGGRDW,AREA_OUFTVVA,CITY_CUSPLX,REGION_ZAQW
SELLER_GWCBYCBXDL,AREA_NUZMLQG,CITY_APZBZR,REGION_ZAQW
SELLER_OYNPHDOUYH,AREA_MDGELKB,CITY_LFAMYT,REGION_SNJF
SELLER_HKDYJIZEFA,AREA_IYAVEVB,CITY_MFOJHT,REGION_ZAQW
SELLER_ZHFAACPGCE,AREA_RWZTJJQ,CITY_ZOMIFN,REGION_ZAQW
SELLER_FZGZMUIEKU,AREA_KYJREFI,CITY_GGZELG,REGION_ZAQW
SELLER_GONLWNQUYO,AREA_ULZKYNC,CITY_AUSJMH,REGION_ZAQW
SELLER_LOOBMGHWFS,AREA_WSGHGIB,CITY_AHPFPG,REGION_ZAQW
SELLER_SBBWCZBTFG,AREA_WYOZWVD,CITY_DNOLCW,REGION_SNJF
SELLER_NUPGGLWPWZ,AREA_TQIDPAT,CITY_DNOLCW,REGION_SNJF
SELLER_MZREIYEHXU,AREA_HQCDMGJ,CITY_ZXEZBR,REGION_ZAQW
SELLER_SQMUOQHXKG,AREA_OLUTZAG,CITY_GQIOWS,REGION_ZAQW
SELLER_BXVBWJAGEZ,AREA_OHLRQXQ,CITY_OJRCIF,REGION_ZAQW
SELLER_AGKWADCJTG,AREA_FRGYOKF,CITY_RBDEAA,REGION_ZAQW
SELLER_BKYCHXSETV,AREA_TEXVVKJ,CITY_JRCFST,REGION_ZAQW
SELLER_LBYILMYDVO,AREA_EDGCQQO,CITY_YWGFFE,REGION_ZMUB
SELLER_KUKWOCYXQH,AREA_TVWUOED,CITY_DFJOZT,REGION_ZAQW
SELLER_IMVPPBZYRK,AREA_WNAMQAW,CITY_HXGPNX,REGION_FLVI
SELLER_BGJAIITJVH,AREA_MJCSPGB,CITY_XHCYYT,REGION_ZMUB
SELLER_VXIYWBLIXR,AREA_VTNWIWP,CITY_AFQUYY,REGION_SNJF
SELLER_HNQRBTZRWZ,AREA_PVHIBXJ,CITY_MSJQCL,REGION_ZAQW
SELLER_MZYXQKTWOL,AREA_RMCQOAQ,CITY_NWOLTF,REGION_ZAQW
SELLER_MZQUBYIJZB,AREA_GDTBJTQ,CITY_NWOLTF,REGION_ZAQW
SELLER_YPPBQRODJR,AREA_TQXARSY,CITY_BYHMNH,REGION_SNJF
SELLER_HLJLETYIBB,AREA_RHSVSNN,CITY_IOOCAQ,REGION_DYWE
SELLER_ARYITHNGXN,AREA_GMKBWXT,CITY_MFOJHT,REGION_ZAQW
SELLER_RCKYUHDOFY,AREA_EZEKLDV,CITY_CULFCV,REGION_WSPK
SELLER_YWMUWPIVBN,AREA_ZRYMDTU,CITY_HMNIHL,REGION_ZAQW
SELLER_JVTWFJRMPR,AREA_WUPKJTK,CITY_GYLMOK,REGION_BQGV
SELLER_IXDSLQLAZN,AREA_KYOKYRH,CITY_NWOLTF,REGION_ZAQW
SELLER_BLSEYKDUSU,AREA_OXIYPYD,CITY_DHHUHM,REGION_ZAQW
SELLER_KEXVJVWLED,AREA_FPQBEPT,CITY_AFQUYY,REGION_SNJF
SELLER_DXTQGGBZUW,AREA_LKZNQOE,CITY_NWOLTF,REGION_ZAQW
SELLER_TUKEODYCRR,AREA_NLBYJAA,CITY_CZHFQZ,REGION_FLVI
SELLER_OFLNYXIVEI,AREA_GJSXVBM,CITY_AFQUYY,REGION_SNJF
SELLER_XUCSOHONIR,AREA_AXZODQG,CITY_NWOLTF,REGION_ZAQW
SELLER_JEXJRQSFPA,AREA_TAHUNWP,CITY_NWOLTF,REGION_ZAQW
SELLER_ZLUPCGBGUN,AREA_JBEGZFF,CITY_NWOLTF,REGION_ZAQW
SELLER_BLXCSUWYLY,AREA_JMFBRQP,CITY_GQIOWS,REGION_ZAQW
SELLER_KQQBEFJUMN,AREA_OUFTVVA,CITY_CUSPLX,REGION_ZAQW
SELLER_BCTYZYWMMY,AREA_BOLRGXS,CITY_NWOLTF,REGION_ZAQW
SELLER_XAHNNDAQFF,AREA_ZNNQHCU,CITY_WBHCHB,REGION_FLVI
SELLER_GAUQSSSDNY,AREA_ROARCXF,CITY_WJMXKD,REGION_ZMUB
SELLER_YGHYLVWILS,AREA_DKZYKSN,CITY_CULFCV,REGION_WSPK
SELLER_XWUGDDEDLE,AREA_DTCLLJT,CITY_CULFCV,REGION_WSPK
SELLER_EBAUNWIAXM,AREA_JNZWHMM,CITY_AHPFPG,REGION_ZAQW
SELLER_MHCVZIMQBV,AREA_MNNKLPU,CITY_YRFKZU,REGION_DYWE
SELLER_BVTOOMFARY,AREA_PEGIIJF,CITY_EEXIJQ,REGION_SNJF
SELLER_LFBWVINTCC,AREA_DQCDHMZ,CITY_NWOLTF,REGION_ZAQW
SELLER_RQVTSGDLAF,AREA_GNXZGYW,CITY_NWOLTF,REGION_ZAQW
SELLER_AKZCIPIPCE,AREA_JRJRJFT,CITY_BYHMNH,REGION_SNJF
SELLER_VJANNTIWCV,AREA_YUDZNIY,CITY_DNOLCW,REGION_SNJF
SELLER_PUBQSOSUAT,AREA_YVMUFDR,CITY_CULFCV,REGION_WSPK
SELLER_KSGCKYGESG,AREA_OLUTZAG,CITY_GQIOWS,REGION_ZAQW
SELLER_CXJRBIJTUC,AREA_YQDEZXI,CITY_NWOLTF,REGION_ZAQW
SELLER_FXBPCBGFGL,AREA_JJDYOII,CITY_MPSUZF,REGION_ZAQW
SELLER_YVMRYZEFWT,AREA_TWHKXFG,CITY_WBAZQV,REGION_ZMUB
SELLER_AHOYJCJULX,AREA_FIFQNRX,CITY_NWOLTF,REGION_ZAQW
SELLER_OKFGJLXJUK,AREA_HUUQBGK,CITY_VDIYEC,REGION_SNJF
SELLER_FNRPIOCPYL,AREA_AJMBXCE,CITY_ZVLCHW,REGION_ZAQW
SELLER_TLJYSFUEXU,AREA_ZXYHIOU,CITY_ZTUYAI,REGION_ZMUB
SELLER_FTQLJKANVQ,AREA_SSTZRNV,CITY_DMJFEI,REGION_MWXH
SELLER_IMQICVAXBP,AREA_FLTOAPG,CITY_TKTOVT,REGION_ZAQW
SELLER_SYJIXASBRA,AREA_ZRAREQH,CITY_EREPVZ,REGION_DYWE
SELLER_LSDLISJZAR,AREA_BTXSPMK,CITY_PPBMDP,REGION_WSPK
SELLER_ASEAYNDEWE,AREA_DXLFRRS,CITY_OEPXSE,REGION_DYWE
SELLER_ZABDOMAPRU,AREA_RMZJUIG,CITY_MXWIIL,REGION_ZAQW
SELLER_FXOGIADLSD,AREA_HZQRBLV,CITY_PJDFAK,REGION_ZAQW
SELLER_AHXHYIGRVR,AREA_OSATDSH,CITY_TKTOVT,REGION_ZAQW
SELLER_TCCSMHINZL,AREA_HKCKFTK,CITY_HYTYFF,REGION_SNJF
SELLER_QFWUDYJEOV,AREA_LPDQFGX,CITY_DHHUHM,REGION_ZAQW
SELLER_XRAUCJHDXD,AREA_OLUTZAG,CITY_GQIOWS,REGION_ZAQW
SELLER_LEOAOVICBO,AREA_IYRYNCN,CITY_NWOLTF,REGION_ZAQW
SELLER_RKXIIFDJRA,AREA_EBUIGYP,CITY_CULFCV,REGION_WSPK
SELLER_CWOIOMHWBX,AREA_PVXXSCJ,CITY_RHZLHM,REGION_ZAQW
SELLER_PPSUTDHSSG,AREA_KPQNGTX,CITY_GQIOWS,REGION_ZAQW
SELLER_QKBIJTERBL,AREA_XMLRFWB,CITY_QXVZVI,REGION_FLVI
SELLER_JXGHTOVPKD,AREA_VMPYGTH,CITY_CCYAVL,REGION_ZAQW
SELLER_VQCUQPWPSK,AREA_PBTLNEJ,CITY_IYTTKK,REGION_ZAQW
SELLER_QAWOJQFNCC,AREA_WDTXYPJ,CITY_NWOLTF,REGION_ZAQW
SELLER_MAZPTTMIGU,AREA_HXHGJQV,CITY_DNOLCW,REGION_SNJF
SELLER_KTLMXLRCVN,AREA_BCODZON,CITY_VEPPLO,REGION_FLVI
SELLER_SYBMTCBOAH,AREA_DVJJSOD,CITY_NWOLTF,REGION_ZAQW
SELLER_FLOSSNTNGE,AREA_WFQMNYY,CITY_LWRCQR,REGION_ZMUB
SELLER_OVNCYXEKOW,AREA_PNTFELN,CITY_DHHUHM,REGION_ZAQW
SELLER_OPGASPDWSG,AREA_HZIXDPQ,CITY_KRUHPY,REGION_ZAQW
SELLER_BPOXZGKOBX,AREA_WPTHELK,CITY_ZOBQSQ,REGION_ZAQW
SELLER_MPYXQMMKJG,AREA_PABOVGP,CITY_LMFTUI,REGION_RYAS
SELLER_SEBDVNODOU,AREA_HFPWVRG,CITY_KRUHPY,REGION_ZAQW
SELLER_IJJEMMBMYY,AREA_VTNWIWP,CITY_AFQUYY,REGION_SNJF
SELLER_YEUQSMKXQX,AREA_KEOHTOV,CITY_DNOLCW,REGION_SNJF
SELLER_QGUUEYZHKT,AREA_JMUISQW,CITY_BYHWVZ,REGION_ZAQW
SELLER_NPELZATXMI,AREA_KWFQTAI,CITY_NWOLTF,REGION_ZAQW
SELLER_GKONTMIZGO,AREA_MXFSNTC,CITY_GQIOWS,REGION_ZAQW
SELLER_UYUOEHZCIF,AREA_BIQRIXP,CITY_UCVIOR,REGION_DYWE
SELLER_OPMFGWWVRN,AREA_XKOSPQX,CITY_IYTTKK,REGION_ZAQW
SELLER_TUIEJOANKA,AREA_XCGYYKA,CITY_DNOLCW,REGION_SNJF
SELLER_KYDFAQOYYW,AREA_SBSIMDY,CITY_NWOLTF,REGION_ZAQW
SELLER_RRXRSHELNL,AREA_KDGWOOW,CITY_ZVLCHW,REGION_ZAQW
SELLER_VZXMIKGUOV,AREA_FBDDUNF,CITY_NWOLTF,REGION_ZAQW
SELLER_PWLGEQSGQM,AREA_XTCKQRD,CITY_NWOLTF,REGION_ZAQW
SELLER_RGKDAQSZZU,AREA_FVGCVXL,CITY_FBCDAU,REGION_SNJF
SELLER_GVXFWCVHSD,AREA_GJYTCRF,CITY_JDRPFH,REGION_ZAQW
SELLER_OFQKJKTHGC,AREA_FPIDSMN,CITY_NGIDHF,REGION_ZMUB
SELLER_TKEWVJLFRS,AREA_WFBUMTG,CITY_MHDJAV,REGION_ZAQW
SELLER_UDOTWTNUCD,AREA_FERKILY,CITY_NWOLTF,REGION_ZAQW
SELLER_SPYDJLGMGF,AREA_VGDMXNM,CITY_DNOLCW,REGION_SNJF
SELLER_ULTHFPBTFK,AREA_PFRTYEG,CITY_BNLZJU,REGION_ZMUB
SELLER_CZHPZHEVBT,AREA_XUJNSGJ,CITY_NWOLTF,REGION_ZAQW
SELLER_ZLODYAOZIT,AREA_FHYWNOB,CITY_DLIEGN,REGION_ZMUB
SELLER_UOYGKVVEDR,AREA_QRBMTTM,CITY_CBOUJN,REGION_FLVI
SELLER_XBBJGJHKKC,AREA_LJXKZVM,CITY_GRMWTB,REGION_ZAQW
SELLER_NGHIEOZPYO,AREA_FZAMKJA,CITY_RUDVCV,REGION_ZAQW
SELLER_LIMWEWMOUF,AREA_VKQMWRR,CITY_NWOLTF,REGION_ZAQW
SELLER_OYJGQXCVHX,AREA_WPTHELK,CITY_ZOBQSQ,REGION_ZAQW
SELLER_SMDEMKIAPS,AREA_PHEDEYU,CITY_ZKHEDP,REGION_CGSL
SELLER_VQZBHBBUYD,AREA_WJCNICB,CITY_RUDVCV,REGION_ZAQW
SELLER_RHZACQTUXJ,AREA_ZGSUGAK,CITY_WXTYIT,REGION_ZAQW
SELLER_MUFLVBVJNN,AREA_ZOMDULL,CITY_CULFCV,REGION_WSPK
SELLER_IWNWANCDTK,AREA_JWJRGKF,CITY_OOTKEV,REGION_DYWE
SELLER_SNYJDIRJPT,AREA_UEZZIOD,CITY_GZNFUI,REGION_RYAS
SELLER_AXNPBBJXLB,AREA_XYPWPRO,CITY_RBDEAA,REGION_ZAQW
SELLER_QGQMWVUZLJ,AREA_RXYYOVP,CITY_NWOLTF,REGION_ZAQW
SELLER_ZKENRKJVJI,AREA_BTVPJOF,CITY_XHCYYT,REGION_ZMUB
SELLER_APUQITUCWQ,AREA_FGXIIIE,CITY_NWOLTF,REGION_ZAQW
SELLER_RLGCUBTTXV,AREA_UCVKOIS,CITY_OFZEOW,REGION_ZMUB
SELLER_TJESYNQIFB,AREA_LEMVGNW,CITY_DNOLCW,REGION_SNJF
SELLER_TURNILBVYE,AREA_CUPMJLN,CITY_IQKTOP,REGION_SNJF
SELLER_MVQAYNJAKC,AREA_WBYWUHI,CITY_HBWMKS,REGION_ZMUB
SELLER_VRENHEGYGW,AREA_NPDLKAK,CITY_AFQUYY,REGION_SNJF
SELLER_AWRYPGOUBU,AREA_SWNSCJL,CITY_RHZLHM,REGION_ZAQW
SELLER_KSWAFARERV,AREA_NVNFZFV,CITY_NWOLTF,REGION_ZAQW
SELLER_QVCTSVWJAT,AREA_ZJTPNOE,CITY_NWOLTF,REGION_ZAQW
SELLER_SEFBHKVBKZ,AREA_NWRDKRQ,CITY_NWOLTF,REGION_ZAQW
SELLER_GRYGAOTNPR,AREA_TSAQWBN,CITY_NWOLTF,REGION_ZAQW
SELLER_FTLUBWOYBZ,AREA_JZLCEMO,CITY_NKCXXS,REGION_ZMUB
SELLER_MBLUJXDJFI,AREA_REGCVAE,CITY_MYSVAU,REGION_ZAQW
SELLER_DATIGQGUQT,AREA_CVGGGCH,CITY_NWOLTF,REGION_ZAQW
SELLER_EKTNDSBBIR,AREA_IRBXBDH,CITY_WUEFEU,REGION_SNJF
SELLER_KMNTZHQREZ,AREA_WNAMQAW,CITY_HXGPNX,REGION_FLVI
SELLER_ODYYKYFJUP,AREA_VNFOFOC,CITY_ZMBXRL,REGION_ZAQW
SELLER_BDEKYXBSOV,AREA_AYJIKCM,CITY_CONIGB,REGION_ZAQW
SELLER_OJAQUEGKRZ,AREA_LRIDEWP,CITY_NWOLTF,REGION_ZAQW
SELLER_GKXLRCBQFB,AREA_BEVRVIM,CITY_KAUAQU,REGION_FLVI
SELLER_JGGZCNQWEN,AREA_KUYICZJ,CITY_ZOBQSQ,REGION_ZAQW
SELLER_FPEWZWLAKW,AREA_DVVDTPY,CITY_AHOHDS,REGION_ZAQW
SELLER_MNJLAMGOFQ,AREA_OUFTVVA,CITY_CUSPLX,REGION_ZAQW
SELLER_KURQTWIDXA,AREA_OLOCZDM,CITY_ERCQLU,REGION_RYAS
SELLER_WGTTGWPYPY,AREA_ZLYDEXW,CITY_IWMFHZ,REGION_ZMUB
SELLER_VAMMMMSGAI,AREA_MXFSNTC,CITY_GQIOWS,REGION_ZAQW
SELLER_YGDQJNRJQA,AREA_HXHGJQV,CITY_DNOLCW,REGION_SNJF
SELLER_ZJENGEXMZU,AREA_NUDZAJG,CITY_NWOLTF,REGION_ZAQW
SELLER_DDMSTBCOMH,AREA_WBGKJOC,CITY_IOOCAQ,REGION_DYWE
SELLER_ZKEZRLIBWN,AREA_OUFTVVA,CITY_CUSPLX,REGION_ZAQW
SELLER_EEABOKTVIT,AREA_SLILMOA,CITY_IYTTKK,REGION_ZAQW
SELLER_ZIQYWQNNAV,AREA_BDVYWET,CITY_PZZGKZ,REGION_SNJF
SELLER_SMBVUUOLDL,AREA_AAEKUAV,CITY_NWOLTF,REGION_ZAQW
SELLER_KVHXDYADXX,AREA_TTSDBMU,CITY_NWOLTF,REGION_ZAQW
SELLER_DASBLWNFVE,AREA_YWDDGAJ,CITY_DNOLCW,REGION_SNJF
SELLER_NAHMTWIHQL,AREA_ZICRYSA,CITY_XPILNI,REGION_DYWE
SELLER_NCGPATSHWL,AREA_FUGQGDK,CITY_WCRPHW,REGION_ZAQW
SELLER_EJBLBMHKVB,AREA_CVWXSGH,CITY_BWUZHT,REGION_ZAQW
SELLER_LICUNNYILP,AREA_RSFRIUG,CITY_WEKLLH,REGION_ZAQW
SELLER_TAQANTIGPC,AREA_JUQICBD,CITY_IGXCVH,REGION_RYAS
SELLER_LZKMQKMDRJ,AREA_IFRRPII,CITY_NWOLTF,REGION_ZAQW
SELLER_CASTNJAFTA,AREA_PBJORIT,CITY_WENBUV,REGION_FLVI
SELLER_KJQJRYQAIH,AREA_HQCDMGJ,CITY_ZXEZBR,REGION_ZAQW
SELLER_UHVMEQQQXN,AREA_VETFMUJ,CITY_LMRGWX,REGION_SNJF
SELLER_XVSSYOIQIO,AREA_HPSZEXX,CITY_NWXZVQ,REGION_ZMUB
SELLER_GYLSYWMMKV,AREA_MULZCTR,CITY_NWOLTF,REGION_ZAQW
SELLER_WHYPZIAXKR,AREA_SQDDSEH,CITY_JGFBBZ,REGION_ZAQW
SELLER_IDTKHMGTNA,AREA_EWQTOYN,CITY_ETGXZU,REGION_CGSL
SELLER_YCXXTJGURS,AREA_EIYBPQN,CITY_XHCYYT,REGION_ZMUB
SELLER_NILFUFKMUP,AREA_DJHDSDB,CITY_XVWJXQ,REGION_ZAQW
SELLER_YWHBROFHNI,AREA_ADPJCZK,CITY_IYOPRU,REGION_ZMUB
SELLER_GVESFECHKK,AREA_LEMVGNW,CITY_DNOLCW,REGION_SNJF
SELLER_WCGJCVXWXB,AREA_JWAWHIA,CITY_HWRZOY,REGION_ZAQW
SELLER_DUEEPROGHY,AREA_KEZMZMR,CITY_CONIGB,REGION_ZAQW
SELLER_IWSYCFPTSX,AREA_IVKCUPB,CITY_KUIXXC,REGION_FLVI
SELLER_VSNHWXKIVO,AREA_QTENYTK,CITY_WCRPHW,REGION_ZAQW
SELLER_JVLVQOPYCN,AREA_FYIOIEF,CITY_OEPXSE,REGION_DYWE
SELLER_UBTGZDTGMP,AREA_CFUCQCM,CITY_NWOLTF,REGION_ZAQW
SELLER_OSDDJYHIBJ,AREA_MHAQWRR,CITY_NWOLTF,REGION_ZAQW
SELLER_SXHQLCFDAN,AREA_HEMGHJY,CITY_NWOLTF,REGION_ZAQW
SELLER_ZTJZPPDMMR,AREA_XOSOWRN,CITY_NWOLTF,REGION_ZAQW
SELLER_PFVBRAHIMF,AREA_VTNWIWP,CITY_AFQUYY,REGION_SNJF
SELLER_DYDQQRMJIU,AREA_MCSQSUR,CITY_NWOLTF,REGION_ZAQW
SELLER_YDRWETMVIL,AREA_WIHHFPM,CITY_OOTKEV,REGION_DYWE
SELLER_HOZLUTVGMK,AREA_TKABNXZ,CITY_NMFTZH,REGION_SNJF
SELLER_HQBXSZBWLN,AREA_URHNWSA,CITY_MDAMMS,REGION_FLVI
SELLER_ICFPRFFZGC,AREA_MKMCOIC,CITY_TLLSWV,REGION_ZAQW
SELLER_LNQZVFPCOP,AREA_TEOBEPA,CITY_CBOUJN,REGION_FLVI
SELLER_GAZPREXXIE,AREA_GISANSO,CITY_NWWUYI,REGION_FLVI
SELLER_VTGJGGUIPS,AREA_ZSFWEEK,CITY_NWOLTF,REGION_ZAQW
SELLER_XMXBJFGTGW,AREA_IPCKMKD,CITY_QRSQIG,REGION_ZMUB
SELLER_PLXVOYEPST,AREA_TSEFRQY,CITY_HWRZOY,REGION_ZAQW
SELLER_PYWBGRJJSM,AREA_WZYWVMZ,CITY_UHHDBJ,REGION_ZDZK
SELLER_DPBOXDCVCC,AREA_OOMUUYT,CITY_ZVLCHW,REGION_ZAQW
SELLER_LCWKBTNMSI,AREA_TXPZRTB,CITY_NWOLTF,REGION_ZAQW
SELLER_TUQPHTHWFE,AREA_MAROCFZ,CITY_ZKHEDP,REGION_CGSL
SELLER_TCLMJZRPYN,AREA_UTYAOEB,CITY_BAWDHL,REGION_ZAQW
SELLER_CILQCYARYR,AREA_TRHFCAA,CITY_NWOLTF,REGION_ZAQW
SELLER_CLIWFOGUHS,AREA_LLPTTMX,CITY_NWOLTF,REGION_ZAQW
SELLER_WRPYGOAIVO,AREA_IRNTPXH,CITY_NWOLTF,REGION_ZAQW
SELLER_SSANNYJQYG,AREA_WIBGCXA,CITY_QVXRQC,REGION_HOWO
SELLER_MZMZOAZLOO,AREA_RGZYGEM,CITY_NWOLTF,REGION_ZAQW
SELLER_JZMEJDYUTY,AREA_BOHZNKJ,CITY_MXWIIL,REGION_ZAQW
SELLER_NKDJWQQUXI,AREA_HNYGJAA,CITY_XHCYYT,REGION_ZMUB
SELLER_OVAPOAJKZI,AREA_BUTMFIZ,CITY_HYMSCD,REGION_FLVI
SELLER_KLIRTDCSNB,AREA_DRCBMAF,CITY_XHCYYT,REGION_ZMUB
SELLER_ELPOUUZZHZ,AREA_GBZAQJR,CITY_NWOLTF,REGION_ZAQW
SELLER_AZFRASRTGZ,AREA_AVBTLUO,CITY_ZKHEDP,REGION_CGSL
SELLER_ECKPCMDUKQ,AREA_TTBEFRS,CITY_DNOLCW,REGION_SNJF
SELLER_BMWUAJPYYG,AREA_IBNNVCU,CITY_DNOLCW,REGION_SNJF
SELLER_PHGQEGGYUU,AREA_FPZRRFK,CITY_ZOGXVI,REGION_ZAQW
SELLER_VJBQHBAITA,AREA_YZUEPYY,CITY_WCRPHW,REGION_ZAQW
SELLER_LNGREPOEJF,AREA_NHXLBVF,CITY_CULFCV,REGION_WSPK
SELLER_DCDZZAMUJF,AREA_WLOUGHJ,CITY_NWOLTF,REGION_ZAQW
SELLER_XAMDUWEGHO,AREA_SUPONAL,CITY_AHAGBS,REGION_ZAQW
SELLER_JNOLPXBXSN,AREA_DIUNSOM,CITY_NWOLTF,REGION_ZAQW
SELLER_VNJRYYAMBV,AREA_QWPZGVX,CITY_GKEEQX,REGION_ZAQW
SELLER_TCUBWFXSRH,AREA_PEGIIJF,CITY_EEXIJQ,REGION_SNJF
SELLER_XXQESLUTHA,AREA_ZYSJKOA,CITY_NWOLTF,REGION_ZAQW
SELLER_THKUPGJDFE,AREA_MWZIVLG,CITY_NWOLTF,REGION_ZAQW
SELLER_BGEAEMAVKA,AREA_TLDTAYQ,CITY_NWOLTF,REGION_ZAQW
SELLER_GWTELNQAOC,AREA_QNDYVCJ,CITY_NWOLTF,REGION_ZAQW
SELLER_DRGTVKEEQZ,AREA_YOFQDQT,CITY_FZETIE,REGION_SNJF
SELLER_ZTKEZOEABC,AREA_TCHZGIC,CITY_GQIOWS,REGION_ZAQW
SELLER_OUPOIMUQYA,AREA_ICYAKUM,CITY_CULFCV,REGION_WSPK
SELLER_OKPROGBSQC,AREA_AAUCNRL,CITY_XHCYYT,REGION_ZMUB
SELLER_YAVRDZWELW,AREA_XCUIABM,CITY_GKEEQX,REGION_ZAQW
SELLER_XGSWFNGLVO,AREA_RGBRCGD,CITY_LYSTRY,REGION_DYWE
SELLER_QITRLABQLK,AREA_QGKXTGE,CITY_NWOLTF,REGION_ZAQW
SELLER_QENQYWFYFW,AREA_JOVXURU,CITY_CULFCV,REGION_WSPK
SELLER_UUWDAOZHMY,AREA_KZCOCLV,CITY_NWOLTF,REGION_ZAQW
SELLER_JYKLTKZOKR,AREA_AQNOJUG,CITY_XSSEJB,REGION_SNJF
SELLER_TLDJQHFWWR,AREA_XTVHGIL,CITY_GQIOWS,REGION_ZAQW
SELLER_PKFOUONUCL,AREA_BTGNVHA,CITY_NWOLTF,REGION_ZAQW
SELLER_EYLYJNVPAK,AREA_VTNWIWP,CITY_AFQUYY,REGION_SNJF
SELLER_KNUXWWYQCC,AREA_JCFUCAB,CITY_NWOLTF,REGION_ZAQW
SELLER_QBGSLROFIA,AREA_BXDDVZO,CITY_CZHFQZ,REGION_FLVI
SELLER_GHMSJHFBKO,AREA_HLVPOTL,CITY_KRUHPY,REGION_ZAQW
SELLER_LCCLDLDDOA,AREA_DAGTOTS,CITY_ZXBCZR,REGION_ZAQW
SELLER_VRFFTGLIXZ,AREA_PPAXJWJ,CITY_AHOHDS,REGION_ZAQW
SELLER_XJYRZJMUYZ,AREA_AFAAIQM,CITY_NWOLTF,REGION_ZAQW
SELLER_SSNVHURGEY,AREA_QJAHXBX,CITY_WZARJH,REGION_ZAQW
SELLER_PJIOLHAVDS,AREA_PAKSOJW,CITY_DHHUHM,REGION_ZAQW
SELLER_BTVCYOUOMM,AREA_DAKCPHT,CITY_KRUHPY,REGION_ZAQW
SELLER_XLJDZOTHBG,AREA_BDWEMGR,CITY_YSFTPB,REGION_ZAQW
SELLER_WWTAFSOIPJ,AREA_DDJHQOQ,CITY_SPUSRK,REGION_ZAQW
SELLER_NRIWVZOTOS,AREA_ILYSQNY,CITY_RBDEAA,REGION_ZAQW
SELLER_UAYRUVPYEZ,AREA_XVRVMWM,CITY_OFFJAN,REGION_ZAQW
SELLER_ZWFYPEMVTQ,AREA_KVOQTLJ,CITY_RTCMZC,REGION_FLVI
SELLER_BNNJIPLVYL,AREA_FNKNJTB,CITY_HZDYMC,REGION_FLVI
SELLER_CHMZIBCKCL,AREA_XTAPCYZ,CITY_KUIXXC,REGION_FLVI
SELLER_VSAZPDWXZS,AREA_TPTLSMT,CITY_WOCRIL,REGION_FLVI
SELLER_QFHAZVXLEO,AREA_BKWSKSV,CITY_GKFTPU,REGION_ZAQW
SELLER_ZJNMIXAPIB,AREA_XHEIEAY,CITY_NWOLTF,REGION_ZAQW
SELLER_DCBNTOLKFA,AREA_MIHCQXX,CITY_ROJJRW,REGION_ZAQW
SELLER_TMXRYSCVXN,AREA_DOXXGZD,CITY_TLQIGX,REGION_ZMUB
SELLER_WWYXCWPRMD,AREA_BEVRVIM,CITY_KAUAQU,REGION_FLVI
SELLER_SKFYNIHJQA,AREA_JTGKHFW,CITY_XIJBVY,REGION_ZAQW
SELLER_HSJJQGCETI,AREA_WBUKKVP,CITY_HNUIYC,REGION_SNJF
SELLER_TYSDNDVLMM,AREA_IBNNVCU,CITY_DNOLCW,REGION_SNJF
SELLER_HUJVFNMNHX,AREA_QWNZNFX,CITY_SGDOXH,REGION_DYWE
SELLER_RMAQTKBBJK,AREA_NYZJRLW,CITY_NWOLTF,REGION_ZAQW
SELLER_DDSPJVWYWG,AREA_ITEXEFS,CITY_OWQVHU,REGION_FLVI
SELLER_FYFSJPKZIK,AREA_ASFKNLN,CITY_VDIYEC,REGION_SNJF
SELLER_CJDSBABPUK,AREA_QCPFGHK,CITY_TDUAZP,REGION_FLVI
SELLER_YZKLIKZRID,AREA_ZIJUAAL,CITY_AFQUYY,REGION_SNJF
SELLER_IAZWXXGUCM,AREA_MFDBYKN,CITY_NWOLTF,REGION_ZAQW
SELLER_PPYQPIMUBE,AREA_NGZLATM,CITY_UKDOQP,REGION_FLVI
SELLER_UVYYZDQFRI,AREA_GZQSHDB,CITY_KUIXXC,REGION_FLVI
SELLER_YIKTLODTWG,AREA_DRADERI,CITY_CULFCV,REGION_WSPK
SELLER_OBKJPYAEZS,AREA_YTLAMYS,CITY_XHCYYT,REGION_ZMUB
SELLER_XYQSHNMZEE,AREA_YVUVTCC,CITY_DNOLCW,REGION_SNJF
SELLER_PPQRVGBOFK,AREA_JINDYAM,CITY_TDUAZP,REGION_FLVI
SELLER_XDTECKGAFU,AREA_TITFYMY,CITY_NWOLTF,REGION_ZAQW
SELLER_EMXRWOPAIQ,AREA_XFLDOAI,CITY_NWOLTF,REGION_ZAQW
SELLER_GRRLKSYPCA,AREA_BRFZEUA,CITY_WQAVVV,REGION_ZAQW
SELLER_GKJPFRRERF,AREA_JPYPYRL,CITY_NWOLTF,REGION_ZAQW
SELLER_KUUTGQBQGS,AREA_EQQMOSH,CITY_OYWKEL,REGION_ZMUB
SELLER_BMCYFOCTQE,AREA_QUICGRQ,CITY_GYLMOK,REGION_BQGV
SELLER_MMUFNBHJEU,AREA_ZGSUGAK,CITY_WXTYIT,REGION_ZAQW
SELLER_AAJABXJICK,AREA_YIDAUIF,CITY_AHAGBS,REGION_ZAQW
SELLER_MBIRBWSCGG,AREA_VMGCKEP,CITY_KBDZNT,REGION_SNJF
SELLER_UBLJLIKTLC,AREA_XSBJLNW,CITY_KVDLFC,REGION_ZAQW
SELLER_HYWDJZOHAT,AREA_OFVTBLG,CITY_NWOLTF,REGION_ZAQW
SELLER_BXKSJNRPDM,AREA_FCKKCWJ,CITY_JNLGOY,REGION_ZAQW
SELLER_AKQSSLGGXD,AREA_VVWTIGI,CITY_HKSTWV,REGION_ZAQW
SELLER_XRYWBYWTMI,AREA_WFAPMYC,CITY_NWOLTF,REGION_ZAQW
SELLER_XNIMGUNJIM,AREA_KOYBTPY,CITY_RBDEAA,REGION_ZAQW
SELLER_IBDCEAGWBU,AREA_HDCSSRD,CITY_BLLIVZ,REGION_FLVI
SELLER_JDKUUCPXUY,AREA_CUPMJLN,CITY_IQKTOP,REGION_SNJF
SELLER_LFOETEFBDI,AREA_MPKBKGR,CITY_WBAZQV,REGION_ZMUB
SELLER_EXGKMFXKHC,AREA_KTZILTY,CITY_AFQUYY,REGION_SNJF
SELLER_JDANYQYGYB,AREA_LEMVGNW,CITY_DNOLCW,REGION_SNJF
SELLER_PYVRENYKHO,AREA_EMLZEQO,CITY_IYTTKK,REGION_ZAQW
SELLER_YPVSLMUPFS,AREA_KNWGSPA,CITY_DNOLCW,REGION_SNJF
SELLER_MAXCMRZFFP,AREA_YOWRTQU,CITY_XOHPOM,REGION_ZMUB
SELLER_SZAWOSWNIC,AREA_ODBVPAJ,CITY_LMFTUI,REGION_RYAS
SELLER_KXDNCANODA,AREA_SVAGCGH,CITY_NWOLTF,REGION_ZAQW
SELLER_KGAPUDGWGD,AREA_ZTVRACG,CITY_DNOLCW,REGION_SNJF
SELLER_RWLDCBVJEM,AREA_NNDCJHN,CITY_NWOLTF,REGION_ZAQW
SELLER_HLQGJAZGRJ,AREA_NWTLLLP,CITY_SJDWME,REGION_ZAQW
SELLER_XZNVYPCXOW,AREA_DOXXGZD,CITY_TLQIGX,REGION_ZMUB
SELLER_YAAVVEDKDA,AREA_RXMPFPU,CITY_KUIXXC,REGION_FLVI
SELLER_IAFJMRDXMB,AREA_WYFXCTJ,CITY_CULFCV,REGION_WSPK
SELLER_CBHKOPHJFJ,AREA_JYVXLNG,CITY_NWOLTF,REGION_ZAQW
SELLER_ZLAKCLPYLG,AREA_JPBUVWG,CITY_NWOLTF,REGION_ZAQW
SELLER_HGQMNYKSSJ,AREA_WTTXXOA,CITY_DNOLCW,REGION_SNJF
SELLER_NAKWFWDMIF,AREA_TRUGOXK,CITY_VPXVRU,REGION_WSPK
SELLER_GVOSYTPARV,AREA_FLGEURB,CITY_NWOLTF,REGION_ZAQW
SELLER_KNNDAHNSKT,AREA_QQXLUFQ,CITY_VDIYEC,REGION_SNJF
SELLER_EZSBARAJIA,AREA_RJMJHZN,CITY_PBPXMC,REGION_FLVI
SELLER_BIQMKVVYYE,AREA_ZIPAMSO,CITY_AUSJMH,REGION_ZAQW
SELLER_DZYMTOSTIT,AREA_WXFEUPA,CITY_NWOLTF,REGION_ZAQW
SELLER_LQMXWOVSMJ,AREA_JWOBCMO,CITY_NMFTZH,REGION_SNJF
SELLER_JTHSZDYPGZ,AREA_LWXVNGV,CITY_QZOFPC,REGION_ZAQW
SELLER_UURUYXSAGJ,AREA_WGUOAKU,CITY_XHCYYT,REGION_ZMUB
SELLER_JOPSLYJNRP,AREA_XZVHNWZ,CITY_IOOCAQ,REGION_DYWE
SELLER_WGTRYNTEHA,AREA_EDUACLH,CITY_AFQUYY,REGION_SNJF
SELLER_SIOQIUBHLY,AREA_YIJANVX,CITY_ZOBQSQ,REGION_ZAQW
SELLER_GEAFIIMSSJ,AREA_PEBKIYP,CITY_GYLMOK,REGION_BQGV
SELLER_XTPQWZHFWK,AREA_OLIHMBO,CITY_HMNIHL,REGION_ZAQW
SELLER_OGDNPLRSML,AREA_WGFDQUY,CITY_JQFZKD,REGION_DYWE
SELLER_WAREWWCYQD,AREA_CJAPRTS,CITY_DNOLCW,REGION_SNJF
SELLER_YEBIQBXVCE,AREA_OSJSUHF,CITY_IYTTKK,REGION_ZAQW
SELLER_SUMJPROFYB,AREA_KDJLKDG,CITY_AUXYMX,REGION_DJNN
SELLER_QKFWBAZHRF,AREA_NSGBJRE,CITY_NWOLTF,REGION_ZAQW
SELLER_QUSFCOXIHU,AREA_ASUUFSM,CITY_DNOLCW,REGION_SNJF
SELLER_FTJMRSCVHL,AREA_EBUIGYP,CITY_CULFCV,REGION_WSPK
SELLER_IVOTSZAERZ,AREA_MMXQVMZ,CITY_TFZBQS,REGION_ZAQW
SELLER_GBBVKITZDT,AREA_LQAUHSI,CITY_AHAGBS,REGION_ZAQW
SELLER_HYBWEJDQUH,AREA_AVTZYVR,CITY_JDCFLV,REGION_ZMUB
SELLER_MDPYYFVERN,AREA_QPGDLAY,CITY_ZOBQSQ,REGION_ZAQW
SELLER_YKANPQXIFK,AREA_ANPEDSQ,CITY_JDRPFH,REGION_ZAQW
SELLER_NMFTGLNQCZ,AREA_JASACSU,CITY_EQJXVQ,REGION_ZAQW
SELLER_MRRFJLFCMR,AREA_DFOOXRP,CITY_MFOJHT,REGION_ZAQW
SELLER_XHGDTYZJZJ,AREA_LCBSCZV,CITY_XRNDEX,REGION_ZDZK
SELLER_GIYMVIRNZD,AREA_JTLONOJ,CITY_NWOLTF,REGION_ZAQW
SELLER_ZDVCYJIGUK,AREA_TTLXTAK,CITY_CILJXC,REGION_WSPK
SELLER_JFIXSSNINT,AREA_EOBNXCL,CITY_AWRJVR,REGION_FLVI
SELLER_VSZGSKQTWN,AREA_XHHYZZF,CITY_NWOLTF,REGION_ZAQW
SELLER_XRVJIBOGGP,AREA_EMOLKQP,CITY_XHCYYT,REGION_ZMUB
SELLER_OHQTYIRNID,AREA_YVMUFDR,CITY_CULFCV,REGION_WSPK
SELLER_IPSSTPCHBL,AREA_BYWJVHA,CITY_HMNIHL,REGION_ZAQW
SELLER_BJVRROWMOU,AREA_HJKCIPD,CITY_NWOLTF,REGION_ZAQW
SELLER_KPIIPHVHJQ,AREA_XHOXQJP,CITY_QBKSKZ,REGION_ZAQW
SELLER_QFSTRYNQHO,AREA_NNOSFRR,CITY_KVDLFC,REGION_ZAQW
SELLER_AOPNEVAMMJ,AREA_XILQJYU,CITY_AUSJMH,REGION_ZAQW
SELLER_DQXVJVXVDH,AREA_PBKTGEU,CITY_NWOLTF,REGION_ZAQW
SELLER_WQTAAKJOAM,AREA_SIGRDYE,CITY_ZOBQSQ,REGION_ZAQW
SELLER_QEGLCGLFDV,AREA_OYWPRQZ,CITY_LDQCID,REGION_ZMUB
SELLER_DLDYAYJFIH,AREA_QCXCGBX,CITY_JQFZKD,REGION_DYWE
SELLER_XAYLDCBKTF,AREA_VTUUMIL,CITY_NWOLTF,REGION_ZAQW
SELLER_AAVIXLSJIM,AREA_AKNJUYP,CITY_NWOLTF,REGION_ZAQW
SELLER_MFLDENJYOD,AREA_XMRHDYK,CITY_GKEEQX,REGION_ZAQW
SELLER_QRDGDATASV,AREA_GJYOAGM,CITY_MFOJHT,REGION_ZAQW
SELLER_NCZAOPYICD,AREA_XSLHEQM,CITY_UCVIOR,REGION_DYWE
SELLER_HERYWKSSGC,AREA_OUFTVVA,CITY_CUSPLX,REGION_ZAQW
SELLER_HYOLTZCACS,AREA_VUNLCSA,CITY_PNHMHH,REGION_ZAQW
SELLER_LQLYSVBLVM,AREA_EBGQPSL,CITY_IYTTKK,REGION_ZAQW
SELLER_MKDKYYBSJU,AREA_SROZCYV,CITY_GYLMOK,REGION_BQGV
SELLER_EOWEBJHSTI,AREA_CVLBWCM,CITY_SCWTZL,REGION_ZAQW
SELLER_BICSJNUDXF,AREA_TTIKZCS,CITY_IYTTKK,REGION_ZAQW
SELLER_ZIKMYYNJQN,AREA_ZRCSGLF,CITY_XHCYYT,REGION_ZMUB
SELLER_ZLEJRWPZZX,AREA_FIPKPUR,CITY_UKOMMM,REGION_ZAQW
SELLER_SRXXXPPVFN,AREA_OOMJYVT,CITY_JXBCPN,REGION_ZDZK
SELLER_GRWLFCDCGD,AREA_OUFTVVA,CITY_CUSPLX,REGION_ZAQW
SELLER_SSKZHRECFL,AREA_MWFHKUD,CITY_DMJFEI,REGION_MWXH
SELLER_QAVHSHHGMD,AREA_PQHQISE,CITY_NWOLTF,REGION_ZAQW
SELLER_RBPGVZHNJK,AREA_JIEHGAL,CITY_VEPPLO,REGION_FLVI
SELLER_LAPERDQWYB,AREA_SAMMNJK,CITY_ZOBQSQ,REGION_ZAQW
SELLER_IMILTZHITA,AREA_SHXJFQV,CITY_ZKHEDP,REGION_CGSL
SELLER_YQSPCODWUQ,AREA_DQHZHEE,CITY_ZKHEDP,REGION_CGSL
SELLER_LTODVLTOYI,AREA_ZICRYSA,CITY_XPILNI,REGION_DYWE
SELLER_GVKYTAOITH,AREA_NXOTLAB,CITY_AUSJMH,REGION_ZAQW
SELLER_ZRJAYIKZNJ,AREA_VUPWYTM,CITY_IYTTKK,REGION_ZAQW
SELLER_HNEMZEUDNK,AREA_DJWNCSU,CITY_MVQGDB,REGION_WSPK
SELLER_PMJKUOWVSF,AREA_GDRLLQX,CITY_DMJFEI,REGION_MWXH
SELLER_ALVMEZPBTK,AREA_ISWCJDE,CITY_KUVLAL,REGION_ZAQW
SELLER_ZNENKXJDJE,AREA_FHYXGGZ,CITY_BLLIVZ,REGION_FLVI
SELLER_PKWNHXCFTZ,AREA_OUFTVVA,CITY_CUSPLX,REGION_ZAQW
SELLER_XZIEOFSNNO,AREA_GOOJXXF,CITY_OOADTL,REGION_ZMUB
SELLER_NLMMZEWDZL,AREA_ULZKYNC,CITY_AUSJMH,REGION_ZAQW
SELLER_OIGDEHXDST,AREA_SLTBYTE,CITY_NWOLTF,REGION_ZAQW
SELLER_WMUMMAZPNM,AREA_VXAXPOE,CITY_NWOLTF,REGION_ZAQW
SELLER_THRXUHOGDF,AREA_TYTZVVH,CITY_HMNIHL,REGION_ZAQW
SELLER_QFAULSGRQD,AREA_UYZOMLI,CITY_WCHRCX,REGION_SNJF
SELLER_RVDLBGZZHF,AREA_RHSJFVV,CITY_CULFCV,REGION_WSPK
SELLER_WPXTKZFZLB,AREA_RNXKOSP,CITY_ZVLCHW,REGION_ZAQW
SELLER_VOSKGIMUAS,AREA_PACFGVK,CITY_QFNTFD,REGION_CGSL
SELLER_IRIPHYEXKW,AREA_NRLNSAM,CITY_NWOLTF,REGION_ZAQW
SELLER_KQWPYPTHLZ,AREA_FPIDSMN,CITY_NGIDHF,REGION_ZMUB
SELLER_GAVOJXJHKS,AREA_TEAPVRG,CITY_GKEEQX,REGION_ZAQW
SELLER_XLCAXYNWBF,AREA_HDHQXPC,CITY_NWOLTF,REGION_ZAQW
SELLER_ZIJVWFDCOR,AREA_ONRWKMU,CITY_XHCYYT,REGION_ZMUB
SELLER_LIVINWSLLO,AREA_DAGTOTS,CITY_ZXBCZR,REGION_ZAQW
SELLER_PHJPDKGGYY,AREA_NWEHKZY,CITY_NGIDHF,REGION_ZMUB
SELLER_MQMXIHNXVJ,AREA_KBPTRLZ,CITY_NWOLTF,REGION_ZAQW
SELLER_IMPDVRSEOT,AREA_ZNZUKYL,CITY_VHDBSN,REGION_SNJF
SELLER_DXVYLMPJIX,AREA_LTUHUCO,CITY_WGOCXM,REGION_EKOC
SELLER_EGFRORXHBI,AREA_YGPYFAC,CITY_QQZGQR,REGION_ZAQW
SELLER_LGLPAWIOFR,AREA_ULZKYNC,CITY_AUSJMH,REGION_ZAQW
SELLER_DAPEEMMQII,AREA_PCUDHWW,CITY_IOOCAQ,REGION_DYWE
SELLER_WBOEPDCKLB,AREA_WBXNQNL,CITY_DNOLCW,REGION_SNJF
SELLER_PAFODZJBRH,AREA_WVEVAEB,CITY_JDRPFH,REGION_ZAQW
SELLER_STYISVMYYJ,AREA_NMCELLI,CITY_ZAZIYZ,REGION_ZMUB
SELLER_TWZHAPDMPX,AREA_UGJKWNN,CITY_ZXEZBR,REGION_ZAQW
SELLER_MVLMMHOEST,AREA_RAKDYEQ,CITY_FKDAWU,REGION_ZAQW
SELLER_UQBWNFJBFS,AREA_YESIGYD,CITY_QVSUET,REGION_ZAQW
SELLER_FHQREPIKQT,AREA_CTBXROV,CITY_WTWAEW,REGION_WSPK
SELLER_WNMCNNUKCT,AREA_CWNIYMK,CITY_NWOLTF,REGION_ZAQW
SELLER_CSKEMHVDWA,AREA_BRPYZFY,CITY_AFQUYY,REGION_SNJF
SELLER_VPEZPHHDBX,AREA_LYWSDMH,CITY_VEPPLO,REGION_FLVI
SELLER_PNZMSYOPLJ,AREA_CSVUTZX,CITY_DDXBUW,REGION_DCUP
SELLER_YHOGZWBKTH,AREA_PIXRRTS,CITY_MPSUZF,REGION_ZAQW
SELLER_XUDLWJTWSR,AREA_CFLHTHF,CITY_XHCYYT,REGION_ZMUB
SELLER_DOHRQRVAJD,AREA_DOXXGZD,CITY_TLQIGX,REGION_ZMUB
SELLER_VVLIKRKCMV,AREA_OUFTVVA,CITY_CUSPLX,REGION_ZAQW
SELLER_ONVOXBFAME,AREA_QLBVALT,CITY_ZVLCHW,REGION_ZAQW
SELLER_GKWSGIXESW,AREA_KCIUKZS,CITY_NWOLTF,REGION_ZAQW
SELLER_GQOYCWGDNE,AREA_GJSXVBM,CITY_AFQUYY,REGION_SNJF
SELLER_CKSXWRDXFX,AREA_LIUZHKT,CITY_NWOLTF,REGION_ZAQW
SELLER_XZEYOWBVYL,AREA_LCZNLGM,CITY_XHZHLN,REGION_ZMUB
SELLER_BCCKCESFYC,AREA_IZFNDNB,CITY_DHHUHM,REGION_ZAQW
SELLER_OSXJVXNGJK,AREA_BGUTGTW,CITY_DNOLCW,REGION_SNJF
SELLER_MOKJHHTMVX,AREA_SEJCDEV,CITY_NWOLTF,REGION_ZAQW
SELLER_EHMDQOBMRU,AREA_CHAONIJ,CITY_GQIOWS,REGION_ZAQW
SELLER_PGDSYVCNXJ,AREA_ECSCDHQ,CITY_ROJJRW,REGION_ZAQW
SELLER_BDUVUMGGBY,AREA_NEQYAMQ,CITY_AKSVBI,REGION_DYWE
SELLER_BXKBTIYRLQ,AREA_VPWHCYW,CITY_IXVNGQ,REGION_LAHW
SELLER_DGOKFMNUMH,AREA_YWZLJJI,CITY_NWOLTF,REGION_ZAQW
SELLER_COXBYLTPGR,AREA_JNYBWPN,CITY_NWOLTF,REGION_ZAQW
SELLER_SXYAZYIHDF,AREA_IHDVKTU,CITY_DNOLCW,REGION_SNJF
SELLER_EQAVVRQZEN,AREA_DTCTIHG,CITY_ZOGXVI,REGION_ZAQW
SELLER_SWEPNJSZFF,AREA_LVEDUEX,CITY_ERCQLU,REGION_RYAS
SELLER_ZDWZXRODHK,AREA_SLLZXZX,CITY_ITGPBI,REGION_DCUP
SELLER_CGLVQAAIAJ,AREA_UCVKOIS,CITY_OFZEOW,REGION_ZMUB
SELLER_FMSMQLQZRC,AREA_QWZTWGU,CITY_AHOHDS,REGION_ZAQW
SELLER_XXPMFVYIAX,AREA_QELTWVI,CITY_TEZFGG,REGION_SNJF
SELLER_ZOHTWXQHNQ,AREA_QQFZIZA,CITY_CSEEXF,REGION_SNJF
SELLER_SQNDJMGFXO,AREA_GFNEBPW,CITY_YAIJGD,REGION_WSPK
SELLER_HPJOPGQZXN,AREA_DQSHSYX,CITY_OKFIDZ,REGION_ZAQW
SELLER_XBUEJNTUJF,AREA_WJQUUEP,CITY_JCGDJT,REGION_ZAQW
SELLER_TDAXOCBEGB,AREA_ZRYMDTU,CITY_HMNIHL,REGION_ZAQW
SELLER_LWNFSRXEUG,AREA_GMKBWXT,CITY_MFOJHT,REGION_ZAQW
SELLER_IJQVQZYXJV,AREA_ASFKNLN,CITY_VDIYEC,REGION_SNJF
SELLER_RIDGXEGZBX,AREA_OUFTVVA,CITY_CUSPLX,REGION_ZAQW
SELLER_DPTSSPBATE,AREA_ZLKBYBR,CITY_DNOLCW,REGION_SNJF
SELLER_HCSVBJQKIS,AREA_IGDHUJD,CITY_BGQEXE,REGION_DYWE
SELLER_HAPOALHNFO,AREA_DCJYBLU,CITY_OOTKEV,REGION_DYWE
SELLER_WVXIHNDHVW,AREA_YELVPBX,CITY_SCWTZL,REGION_ZAQW
SELLER_ULYUDSXXIU,AREA_EKITPUH,CITY_NWOLTF,REGION_ZAQW
SELLER_GHMMPQPXHY,AREA_QFXDVSV,CITY_ZOMIFN,REGION_ZAQW
SELLER_DXJABBGPHW,AREA_OEMGVVB,CITY_KRUHPY,REGION_ZAQW
SELLER_BFLUKMLSZO,AREA_IGJMSTC,CITY_NWOLTF,REGION_ZAQW
SELLER_NTSLCFFITF,AREA_JNJNWFU,CITY_ORGYHL,REGION_ZAQW
SELLER_CVYMAWUVAA,AREA_TXRKLYM,CITY_NWOLTF,REGION_ZAQW
SELLER_ANXFCAKOAG,AREA_ZRYMDTU,CITY_HMNIHL,REGION_ZAQW
SELLER_BPUXQOLIOI,AREA_CVOYZOL,CITY_CILJXC,REGION_WSPK
SELLER_CWTSPQOUFX,AREA_ZVDHBPA,CITY_XNQPGA,REGION_FLVI
SELLER_XJFQOYWBBF,AREA_XKFOUJQ,CITY_WJCGXV,REGION_ZMUB
SELLER_HPLMOMMFMP,AREA_TVOHYOD,CITY_CULFCV,REGION_WSPK
SELLER_VUANWQJOJJ,AREA_IEDFCDC,CITY_IYTTKK,REGION_ZAQW
SELLER_HZOUGOCVBA,AREA_OUFTVVA,CITY_CUSPLX,REGION_ZAQW
SELLER_BUFXXLDMKJ,AREA_FOGLEQG,CITY_CULFCV,REGION_WSPK
SELLER_DOMKPCMIZW,AREA_IJCSBLQ,CITY_ZXEZBR,REGION_ZAQW
SELLER_UKWXNXXQXQ,AREA_CRNJUEE,CITY_VEPPLO,REGION_FLVI
SELLER_LHLKHZGNFY,AREA_OUFTVVA,CITY_CUSPLX,REGION_ZAQW
SELLER_JMYUGBNPTU,AREA_UWULPCH,CITY_NWOLTF,REGION_ZAQW
SELLER_WYXPDBCSLS,AREA_OGCNQQA,CITY_ROJJRW,REGION_ZAQW
SELLER_YTUOZBFCEA,AREA_WILGWRR,CITY_NWOLTF,REGION_ZAQW
SELLER_HUTNVRQDEG,AREA_ZLMNFDT,CITY_OPIZVK,REGION_ZAQW
SELLER_YTVBKCZGOS,AREA_IRMQKDG,CITY_ZOBQSQ,REGION_ZAQW
SELLER_CAQKIOFISY,AREA_OUFTVVA,CITY_CUSPLX,REGION_ZAQW
SELLER_WHEJTMXBCM,AREA_GVSYGNX,CITY_TLNJQQ,REGION_SNJF
SELLER_SJVCRSSSSN,AREA_WZFQWCF,CITY_MHDJAV,REGION_ZAQW
SELLER_QOYFZKPVNA,AREA_AEKZGVM,CITY_QCMLFJ,REGION_SNJF
SELLER_MUPZYNVJLU,AREA_XTAPCYZ,CITY_KUIXXC,REGION_FLVI
SELLER_MITZEHMSAH,AREA_IFZTEAJ,CITY_XHCYYT,REGION_ZMUB
SELLER_FBJLXODUYF,AREA_WOLFAKJ,CITY_ZOBQSQ,REGION_ZAQW
SELLER_ZDHBVSDYBB,AREA_OYWPRQZ,CITY_LDQCID,REGION_ZMUB
SELLER_HVGBCFIAJT,AREA_HFCGJNH,CITY_OMKCKH,REGION_ZMUB
SELLER_ZSGMJQIGVK,AREA_FBDDUNF,CITY_NWOLTF,REGION_ZAQW
SELLER_DMBHPHVAJQ,AREA_ZJYFTST,CITY_CILJXC,REGION_WSPK
SELLER_AWAHNNKXDE,AREA_CMGBDXU,CITY_ZKHEDP,REGION_CGSL
SELLER_ETQPGJIPCB,AREA_EZJTIPK,CITY_OBJXSD,REGION_DYWE
SELLER_KXFVWBCKAZ,AREA_ENKJKXJ,CITY_LRAGNT,REGION_DYWE
SELLER_QXQIGFBSYI,AREA_DARSHVC,CITY_TDUAZP,REGION_FLVI
SELLER_XXEGNXRJSU,AREA_BLNNXTP,CITY_NWOLTF,REGION_ZAQW
SELLER_ENQBKAPSHT,AREA_KQRRZAR,CITY_BLLIVZ,REGION_FLVI
SELLER_UONNEDYFED,AREA_UUKEAMT,CITY_BHTCZE,REGION_ZAQW
SELLER_PUFYDVWJOT,AREA_WUBKCBV,CITY_AKSVBI,REGION_DYWE
SELLER_XIYYSIXMKQ,AREA_BNYPTFA,CITY_FKUCFC,REGION_ZAQW
SELLER_ZMKXFCSDOR,AREA_OHLRQXQ,CITY_OJRCIF,REGION_ZAQW
SELLER_VRMFDQCAKG,AREA_GTECQQP,CITY_YTSHOJ,REGION_SNJF
SELLER_DORJINNQGR,AREA_DKKTGSG,CITY_BUHQMZ,REGION_FLVI
SELLER_DBPAFFLYHN,AREA_APTTPLM,CITY_NWOLTF,REGION_ZAQW
SELLER_TAHROLEXCJ,AREA_AOHDUWI,CITY_OSUZXX,REGION_ZAQW
SELLER_IUFZOFFWPC,AREA_UJZRFPG,CITY_ECTZVV,REGION_ZAQW
SELLER_ZICYUCLJPH,AREA_VSMZVXV,CITY_CQKTMH,REGION_ZAQW
SELLER_OCRHOPMPQG,AREA_TBBNAZG,CITY_BYHMNH,REGION_SNJF
SELLER_JCKEOECMOO,AREA_ASDBXZH,CITY_ROJJRW,REGION_ZAQW
SELLER_FVTUGOZFUM,AREA_LAFKSIL,CITY_MYYEJC,REGION_ZMUB
SELLER_NRREPOUZMG,AREA_VTNWIWP,CITY_AFQUYY,REGION_SNJF
SELLER_LGVTNFPFYV,AREA_EKFMZZG,CITY_NWOLTF,REGION_ZAQW
SELLER_ZZMBNSJOQW,AREA_MPZMRBO,CITY_GYLMOK,REGION_BQGV
SELLER_EUWBFEXDPU,AREA_BJOIWUF,CITY_GKEEQX,REGION_ZAQW
SELLER_EVSQQQXEHS,AREA_OYQMCLU,CITY_MYYEJC,REGION_ZMUB
SELLER_BQYXOZGCPJ,AREA_TYNAWGQ,CITY_DNOLCW,REGION_SNJF
SELLER_ZMOZPUDOAU,AREA_AUYMDOB,CITY_MPSUZF,REGION_ZAQW
SELLER_IYINWOMZTH,AREA_MLDEWUU,CITY_SUZDWP,REGION_FLVI
SELLER_XKUBXTFFZM,AREA_WHRGIRW,CITY_SPUSRK,REGION_ZAQW
SELLER_QDHZABDBVS,AREA_WELGIUA,CITY_YTCHBP,REGION_WSPK
SELLER_JVMFASGHEG,AREA_DQSHSYX,CITY_OKFIDZ,REGION_ZAQW
SELLER_BHPJPYASNW,AREA_NKPZPIT,CITY_NWOLTF,REGION_ZAQW
SELLER_BFXFIOYDWM,AREA_UWHPNCA,CITY_QWQKKI,REGION_ZAQW
SELLER_XTUGZWYJCA,AREA_NZRSICO,CITY_JDRLCO,REGION_ZAQW
SELLER_IPYOVAXVOV,AREA_WCDOENF,CITY_UKDOQP,REGION_FLVI
SELLER_SSCYFKRBFD,AREA_XKUVQPC,CITY_EWHCEK,REGION_FLVI
SELLER_UDQTCZYUIC,AREA_RSFRIUG,CITY_WEKLLH,REGION_ZAQW
SELLER_IAKCEDRXVV,AREA_LLPTTMX,CITY_NWOLTF,REGION_ZAQW
SELLER_KCEQNLQLRY,AREA_YSJNCZN,CITY_KWJLYU,REGION_ZAQW
SELLER_OXEHQXJEAL,AREA_REBVCFS,CITY_SCWTZL,REGION_ZAQW
SELLER_LGSTZXEWDW,AREA_DNGJHGR,CITY_ROJJRW,REGION_ZAQW
SELLER_CAABWTHCTO,AREA_ZLMNFDT,CITY_OPIZVK,REGION_ZAQW
SELLER_NWRDUGZUJP,AREA_OVYWDCO,CITY_NWOLTF,REGION_ZAQW
SELLER_OYCIUIBYCB,AREA_YUFQJXH,CITY_AUSJMH,REGION_ZAQW
SELLER_ATQBNEISZL,AREA_ZQGVJHU,CITY_ZZWEHF,REGION_DCUP
SELLER_JDLQWIHOIA,AREA_XISQIPM,CITY_NWOLTF,REGION_ZAQW
SELLER_CGSGCREZUW,AREA_QEJFPKQ,CITY_CULFCV,REGION_WSPK
SELLER_CXMIZMWPLT,AREA_EZJTIPK,CITY_OBJXSD,REGION_DYWE
SELLER_WDNNMRIUBT,AREA_FRYCNZE,CITY_CULFCV,REGION_WSPK
SELLER_DXNOWZFPQU,AREA_TOEJIJP,CITY_DNOLCW,REGION_SNJF
SELLER_LFFVBKUVMH,AREA_MECYRMX,CITY_NWOLTF,REGION_ZAQW
SELLER_QJMLTJSIQA,AREA_MXFSNTC,CITY_GQIOWS,REGION_ZAQW
SELLER_VLJPOVZFSP,AREA_YBVYRLX,CITY_EEXIJQ,REGION_SNJF
SELLER_JFTAOFNVBO,AREA_OKQXAMN,CITY_AUSJMH,REGION_ZAQW
SELLER_UBZKEQSGYT,AREA_RXMPFPU,CITY_KUIXXC,REGION_FLVI
SELLER_UTUADRCFYO,AREA_OVZQGJL,CITY_WGGANE,REGION_ZAQW
SELLER_CWVLKSDDLH,AREA_HFCGJNH,CITY_OMKCKH,REGION_ZMUB
SELLER_MZTRHYKZSF,AREA_QBZOIMH,CITY_CFHYOC,REGION_ZAQW
SELLER_ZIGWEOSCYB,AREA_CDCLHHB,CITY_NAMZQI,REGION_CGSL
SELLER_BBMHBUBOJC,AREA_ZAMHYLO,CITY_IYTTKK,REGION_ZAQW
SELLER_WALYETWTJJ,AREA_QTENYTK,CITY_WCRPHW,REGION_ZAQW
SELLER_BDHIINWBWT,AREA_NRCXJSV,CITY_ZAXTNK,REGION_ZAQW
SELLER_CXYOIPXSPR,AREA_DNWVGIK,CITY_CULFCV,REGION_WSPK
SELLER_KQAYSNVFTO,AREA_AAKJAGR,CITY_VEPPLO,REGION_FLVI
SELLER_UUNMHRRZPZ,AREA_HLKGUEU,CITY_GKEEQX,REGION_ZAQW
SELLER_SJIFVOIFDI,AREA_UQEKNPB,CITY_NWOLTF,REGION_ZAQW
SELLER_CVIZPEZESZ,AREA_OUIMBOW,CITY_YLPNUX,REGION_ZAQW
SELLER_OUQGLXWUTY,AREA_BVVRFNH,CITY_NWOLTF,REGION_ZAQW
SELLER_WXEGXMPILT,AREA_WKILKMH,CITY_NWOLTF,REGION_ZAQW
SELLER_JJTZUVYOEL,AREA_WJHPKEH,CITY_MYYEJC,REGION_ZMUB
SELLER_DICOBKFIML,AREA_XZCCFQJ,CITY_PPLKZL,REGION_SNJF
SELLER_AJILCVXLLJ,AREA_WQPHKMQ,CITY_KUIXXC,REGION_FLVI
SELLER_GZJELYUVTK,AREA_ZWMUDBK,CITY_KRUHPY,REGION_ZAQW
SELLER_FCHSOCPGKY,AREA_OHLRQXQ,CITY_OJRCIF,REGION_ZAQW
SELLER_URVTFYNUWL,AREA_JOULYEK,CITY_GQIOWS,REGION_ZAQW
SELLER_RKGYJKWTVL,AREA_ULNKBNU,CITY_GYLMOK,REGION_BQGV
SELLER_CIYCKCZPRB,AREA_MLELIPQ,CITY_DNOLCW,REGION_SNJF
SELLER_JRFPQSNDOY,AREA_QKNAJMW,CITY_CZHFQZ,REGION_FLVI
SELLER_WSWVSOLQIT,AREA_GDADIUS,CITY_GQIOWS,REGION_ZAQW
SELLER_FSTLRMMBWM,AREA_HBIDFJG,CITY_CULFCV,REGION_WSPK
SELLER_WLVKZTNVIG,AREA_SWIAIMB,CITY_ROJJRW,REGION_ZAQW
SELLER_EONAWIOSYP,AREA_AAKJAGR,CITY_VEPPLO,REGION_FLVI
SELLER_ZORXIDKDJE,AREA_TCRACNP,CITY_NWOLTF,REGION_ZAQW
SELLER_KSGJMVUGNA,AREA_OHLRQXQ,CITY_OJRCIF,REGION_ZAQW
SELLER_MVYMATKQCF,AREA_BRBUGBQ,CITY_NWOLTF,REGION_ZAQW
SELLER_KJVCNOPBQU,AREA_ASSEQKJ,CITY_NWOLTF,REGION_ZAQW
SELLER_YVXXBPWKUU,AREA_QNRTXHW,CITY_WWXWMX,REGION_ZAQW
SELLER_NYPCNLWZTL,AREA_QFPPLNK,CITY_NWOLTF,REGION_ZAQW
SELLER_PTJAVRTZKW,AREA_QEZZICD,CITY_CULFCV,REGION_WSPK
SELLER_ACOKXSTTEK,AREA_QYVLSPE,CITY_NWOLTF,REGION_ZAQW
SELLER_AIXZDGFFZQ,AREA_KJGQJIO,CITY_UKDOQP,REGION_FLVI
SELLER_OAGMQHEERK,AREA_HXAWSAM,CITY_GRMWTB,REGION_ZAQW
SELLER_DUHREEONCT,AREA_QIJDOQO,CITY_AYUJLS,REGION_ZAQW
SELLER_SCCPCTHHXE,AREA_BVONEDV,CITY_GGZELG,REGION_ZAQW
SELLER_QYDKXXSCWZ,AREA_ZYXFLNE,CITY_LZBLJO,REGION_ZMUB
SELLER_NRFDFEVBIX,AREA_XNAJYCU,CITY_XHCYYT,REGION_ZMUB
SELLER_BZSDPKHSST,AREA_BRRFGBQ,CITY_IGXCVH,REGION_RYAS
SELLER_PAIHRXUNGL,AREA_FFTEAOO,CITY_NWOLTF,REGION_ZAQW
SELLER_NYOBCYBGXD,AREA_HLCOBDG,CITY_VUDLER,REGION_SNJF
SELLER_HRYFLSHYTR,AREA_KAMUDRH,CITY_DNOLCW,REGION_SNJF
SELLER_LQVMRKBVSI,AREA_OUFTVVA,CITY_CUSPLX,REGION_ZAQW
SELLER_XSRGOLIIZT,AREA_OIGGZZH,CITY_NWOLTF,REGION_ZAQW
SELLER_MHILZQWXCO,AREA_JJVLIAN,CITY_NWOLTF,REGION_ZAQW
SELLER_JMTIYHBFWQ,AREA_BIWBYNY,CITY_QCCFAS,REGION_ZMUB
SELLER_OGGFYOHYPQ,AREA_KWYCFJP,CITY_EQIIRX,REGION_ZAQW
SELLER_FOPFQLIUIC,AREA_KHKBFCS,CITY_FFGGFH,REGION_DYWE
SELLER_QXEZAOBGYQ,AREA_MWTILQY,CITY_MFOJHT,REGION_ZAQW
SELLER_QAGZCLINRZ,AREA_QFXDVSV,CITY_ZOMIFN,REGION_ZAQW
SELLER_CHTHZJVCCX,AREA_NAMAOQR,CITY_HLWIZJ,REGION_WSPK
SELLER_PLKKBXNIVU,AREA_VXAGWXW,CITY_AFQUYY,REGION_SNJF
SELLER_ZWCLQGJURB,AREA_PDWPAQO,CITY_EWHCEK,REGION_FLVI
SELLER_IHZUKSWRUU,AREA_ULOEBAK,CITY_HWGTXW,REGION_ZAQW
SELLER_IGPCWILCYA,AREA_XMONMNW,CITY_FKDAWU,REGION_ZAQW
SELLER_RHMBCBMNOZ,AREA_CVWACVV,CITY_NWOLTF,REGION_ZAQW
SELLER_FWINDGBNDE,AREA_EOJPRYM,CITY_CULFCV,REGION_WSPK
SELLER_TUTAXTXVCW,AREA_NVNIFDL,CITY_NWOLTF,REGION_ZAQW
SELLER_VTKSSSCZZH,AREA_RNVAZNN,CITY_IYTTKK,REGION_ZAQW
SELLER_UPNXWMSVUB,AREA_FOCLPRW,CITY_NWOLTF,REGION_ZAQW
SELLER_ASTUGRSHCZ,AREA_HQCDMGJ,CITY_ZXEZBR,REGION_ZAQW
SELLER_EJOSOBZKIF,AREA_MKUOFZL,CITY_NWOLTF,REGION_ZAQW
SELLER_OTWKHGULDR,AREA_HFPWVRG,CITY_KRUHPY,REGION_ZAQW
SELLER_EMZUMDQSST,AREA_HYMWFTH,CITY_XHCYYT,REGION_ZMUB
SELLER_XKUBWTQRHV,AREA_MLCKRFW,CITY_CULFCV,REGION_WSPK
SELLER_SUODCVCIHU,AREA_GYTPPFE,CITY_DWPAPV,REGION_ZAQW
SELLER_ZOVILRCAYY,AREA_SNMSANT,CITY_AHOHDS,REGION_ZAQW
SELLER_HXTVXOKAJR,AREA_LRCHVZM,CITY_ROJJRW,REGION_ZAQW
SELLER_AVVKAVFCIZ,AREA_WTEODMZ,CITY_IYTTKK,REGION_ZAQW
SELLER_MYMIJQSOQP,AREA_QSJYXPW,CITY_HVYBHP,REGION_FLVI
SELLER_OWJUTERCVO,AREA_PIUVXOP,CITY_WUEFEU,REGION_SNJF
SELLER_OGXLPDHGWH,AREA_KRVJXXO,CITY_JGFBBZ,REGION_ZAQW
SELLER_TWOJHYQEXO,AREA_MVRXHMU,CITY_NWOLTF,REGION_ZAQW
SELLER_GFQIUWKJFB,AREA_MNNXVCX,CITY_KSOMZA,REGION_LAHW
SELLER_QOVZPZYHYT,AREA_EHKQWMV,CITY_ZOBQSQ,REGION_ZAQW
SELLER_JXLDHDBYFP,AREA_YJTMRJK,CITY_MYYEJC,REGION_ZMUB
SELLER_HLNPYHJHCO,AREA_APAUIYY,CITY_YLJIRT,REGION_ZMUB
SELLER_JZGJFWJJXX,AREA_XKEDRZA,CITY_NWOLTF,REGION_ZAQW
SELLER_ABNMBGEYDA,AREA_GUYNMHA,CITY_GGZELG,REGION_ZAQW
SELLER_NLYTNHMDLB,AREA_TWPEQBR,CITY_DNOLCW,REGION_SNJF
SELLER_BLHQHXOLVW,AREA_ADXLKSI,CITY_VDHMJC,REGION_DYWE
SELLER_PKETNQCPEZ,AREA_RRTFKDH,CITY_AHOHDS,REGION_ZAQW
SELLER_XKKTUGNRTH,AREA_VVIKRZM,CITY_HZDYMC,REGION_FLVI
SELLER_UGASXHICMC,AREA_GOWYUMW,CITY_XHCYYT,REGION_ZMUB
SELLER_QSMZUBBIZR,AREA_BPKRZTF,CITY_AUOBQN,REGION_ZMUB
SELLER_EMNLDEFVAA,AREA_PSIKDEI,CITY_CULFCV,REGION_WSPK
SELLER_UCYFXRVPHS,AREA_KIVJLCX,CITY_UVZPQU,REGION_CGSL
SELLER_LFGSHGMLDA,AREA_EQITQTU,CITY_GZNFUI,REGION_RYAS
SELLER_JNSPTYKVFD,AREA_EPVEVWR,CITY_NWOLTF,REGION_ZAQW
SELLER_YAQPVZUYUU,AREA_DXABDUC,CITY_KRUHPY,REGION_ZAQW
SELLER_OMNYLJMVOE,AREA_XRAPIGZ,CITY_KSMZML,REGION_FLVI
SELLER_IXHYUYATJQ,AREA_UNWWPUD,CITY_NWOLTF,REGION_ZAQW
SELLER_DMYHSVTLQX,AREA_ZLKBYBR,CITY_DNOLCW,REGION_SNJF
SELLER_GCNDBUBKBS,AREA_FGUDNGB,CITY_DNOLCW,REGION_SNJF
SELLER_RWKVDSZBXO,AREA_IATHAUD,CITY_EVPJOB,REGION_FLVI
SELLER_MQULESMNBJ,AREA_VIODVSB,CITY_ZVLCHW,REGION_ZAQW
SELLER_WTAMNSDEVT,AREA_JPGLSWT,CITY_IOOCAQ,REGION_DYWE
SELLER_JZLNZKELTO,AREA_BABDHOL,CITY_SHFYGV,REGION_ZMUB
SELLER_QQHGWPKHCS,AREA_AQPUZYI,CITY_WQAVVV,REGION_ZAQW
SELLER_YJFFDCMZXO,AREA_ZIJUAAL,CITY_AFQUYY,REGION_SNJF
SELLER_UISGSSDZYV,AREA_MQXBKEJ,CITY_NWOLTF,REGION_ZAQW
SELLER_NRBPJSUOMS,AREA_YXVFBBI,CITY_ZVLCHW,REGION_ZAQW
SELLER_MXXAGIVVIS,AREA_AFVMVBU,CITY_NWOLTF,REGION_ZAQW
SELLER_RWQOWZPGQA,AREA_OHICJYB,CITY_NWOLTF,REGION_ZAQW
SELLER_MCQDEZTPYQ,AREA_BMAOHBL,CITY_NWOLTF,REGION_ZAQW
SELLER_ZHCZXFVCLH,AREA_LYOSHLA,CITY_IOOCAQ,REGION_DYWE
SELLER_NLFITKMVCT,AREA_YLALKOB,CITY_DHHUHM,REGION_ZAQW
SELLER_QCRKFSWVTN,AREA_LETXTRC,CITY_JDRPFH,REGION_ZAQW
SELLER_PBXMPQQTBX,AREA_DDJHQOQ,CITY_SPUSRK,REGION_ZAQW
SELLER_HFWYPXWHWX,AREA_UWULPCH,CITY_NWOLTF,REGION_ZAQW
SELLER_KUVHCSZSOX,AREA_NKPEUFB,CITY_NWOLTF,REGION_ZAQW
SELLER_HHOORNTJNM,AREA_YFEBSOW,CITY_NWOLTF,REGION_ZAQW
SELLER_PZJEOPTSCM,AREA_PZMKINC,CITY_TODPNO,REGION_WSPK
SELLER_ACUWACRRFM,AREA_OZKLFOZ,CITY_NWOLTF,REGION_ZAQW
SELLER_TNNAUYTKDA,AREA_HHXIJKL,CITY_ZVLCHW,REGION_ZAQW
SELLER_MUXTRYNATM,AREA_WCMCBZK,CITY_VEPPLO,REGION_FLVI
SELLER_DRXFESCWVV,AREA_LEMVGNW,CITY_DNOLCW,REGION_SNJF
SELLER_NVZAOTUKOP,AREA_UNELCRQ,CITY_NWOLTF,REGION_ZAQW
SELLER_LLAFBNSSCR,AREA_HOKDSZR,CITY_FKDAWU,REGION_ZAQW
SELLER_IRFKAPKKXY,AREA_GJYTCRF,CITY_JDRPFH,REGION_ZAQW
SELLER_IDLPBJIUQT,AREA_QBNWNCF,CITY_AFQUYY,REGION_SNJF
SELLER_JQMAJKWSHK,AREA_PPUWIHU,CITY_UOKEZT,REGION_WSPK
SELLER_YKQJCYSOBA,AREA_ZDLQJGP,CITY_KVDLFC,REGION_ZAQW
SELLER_BVZDDLFUHW,AREA_XMOSNEC,CITY_NWOLTF,REGION_ZAQW
SELLER_POLGNPQTOC,AREA_WHSFJHS,CITY_GYLMOK,REGION_BQGV
SELLER_YUNXGWPUCM,AREA_CTIMNPW,CITY_IOOCAQ,REGION_DYWE
SELLER_BQCDBKWJPD,AREA_FNUXDHM,CITY_KRUHPY,REGION_ZAQW
SELLER_IRUVMUHGAY,AREA_JHCGQMM,CITY_EGERXC,REGION_WSPK
SELLER_EECKGILNFN,AREA_TZRKBYZ,CITY_VEPPLO,REGION_FLVI
SELLER_MIXVYFEQLI,AREA_WFBUMTG,CITY_MHDJAV,REGION_ZAQW
SELLER_MBBQZUHBOB,AREA_GSAIFRG,CITY_UCVIOR,REGION_DYWE
SELLER_ASHBAJRMEE,AREA_BCKRRWC,CITY_TKTOVT,REGION_ZAQW
SELLER_GUBSEGBPFR,AREA_YQIWNXE,CITY_AFQUYY,REGION_SNJF
SELLER_LDAVUCDTLU,AREA_GYJUMAM,CITY_ZXEZBR,REGION_ZAQW
SELLER_AKEGKBCVZO,AREA_TCHZGIC,CITY_GQIOWS,REGION_ZAQW
SELLER_ETOKPCCPDD,AREA_FIJWYVB,CITY_OYWKEL,REGION_ZMUB
SELLER_KUDSICKPXH,AREA_AZFKUWZ,CITY_SPUSRK,REGION_ZAQW
SELLER_XQUEMGULKF,AREA_QUFEXRA,CITY_HWRZOY,REGION_ZAQW
SELLER_WDFEGRZHMA,AREA_YCFHLNL,CITY_CYTQDR,REGION_SNJF
SELLER_YEKUZIJEKL,AREA_DNMXRRZ,CITY_FCDSIW,REGION_CGSL
SELLER_RTXQJCYPQI,AREA_WYDUVEW,CITY_NWOLTF,REGION_ZAQW
SELLER_IOYKCOIKAB,AREA_CYLYWFG,CITY_NWOLTF,REGION_ZAQW
SELLER_ZWVMZRAVCN,AREA_IGJMSTC,CITY_NWOLTF,REGION_ZAQW
SELLER_YXYTPJKZLI,AREA_AEGADKZ,CITY_NWOLTF,REGION_ZAQW
SELLER_ERXIONUNZI,AREA_GRBRHHQ,CITY_VEPPLO,REGION_FLVI
SELLER_BPFYTOMGLI,AREA_XZUOGDU,CITY_CONXKI,REGION_ZAQW
SELLER_XXUNDYGVTO,AREA_HIVMGYO,CITY_NWOLTF,REGION_ZAQW
SELLER_JBTSWNPDAV,AREA_DJAFEMW,CITY_PFBSWO,REGION_ZAQW
SELLER_ILDOAGYURW,AREA_JDCYFES,CITY_DNOLCW,REGION_SNJF
SELLER_ALORXWKCLD,AREA_YHTIXAF,CITY_NWOLTF,REGION_ZAQW
SELLER_DVKTBQCMAD,AREA_URKRWTV,CITY_NWOLTF,REGION_ZAQW
SELLER_OTWOKVVWLD,AREA_HKMTBTI,CITY_CBOUJN,REGION_FLVI
SELLER_TCRWZOYRUB,AREA_ONFANNN,CITY_GYLMOK,REGION_BQGV
SELLER_FJAYJUZTYZ,AREA_YUFQJXH,CITY_AUSJMH,REGION_ZAQW
SELLER_ZUCOUYTIYC,AREA_BQSJZKV,CITY_SPUSRK,REGION_ZAQW
SELLER_TRISZYATPU,AREA_NOMXUFW,CITY_QGTQKM,REGION_ZMUB
SELLER_DVXFGVZCNZ,AREA_BEBJRHA,CITY_IYTTKK,REGION_ZAQW
SELLER_CORTNBWMTW,AREA_QFOCNFB,CITY_NWOLTF,REGION_ZAQW
SELLER_LVDBZMVMBD,AREA_MMIDAWK,CITY_MLCDKW,REGION_ZAQW
SELLER_TIWNUBBVLP,AREA_PVFLHEJ,CITY_WGGANE,REGION_ZAQW
SELLER_RCMXSGBVJG,AREA_ITXVYXS,CITY_YKPXRV,REGION_WSPK
SELLER_EFYJHUIBVM,AREA_JSMHSGC,CITY_AUSJMH,REGION_ZAQW
SELLER_NQYEMTKSTR,AREA_AKYOWXU,CITY_OZXJBN,REGION_ZAQW
SELLER_GWXYVFSWYB,AREA_IQIXDLD,CITY_WGGANE,REGION_ZAQW
SELLER_LAPXDAJQEZ,AREA_DSHLPNH,CITY_XHCYYT,REGION_ZMUB
SELLER_OQNYAECKWI,AREA_OUSARYD,CITY_VBOWYP,REGION_ZMUB
SELLER_YHTVNWRRXV,AREA_MLELIPQ,CITY_DNOLCW,REGION_SNJF
SELLER_TACQUORZWH,AREA_SRMAUXI,CITY_IOOCAQ,REGION_DYWE
SELLER_OBTEPNUHSJ,AREA_ASNMBHT,CITY_DNOLCW,REGION_SNJF
SELLER_KEGIAKKRPU,AREA_BWUDJKF,CITY_WBAZQV,REGION_ZMUB
SELLER_QWAYIUWBZD,AREA_OTMAVQD,CITY_ROJJRW,REGION_ZAQW
SELLER_HWCPVHTCQJ,AREA_EGFRAGE,CITY_NWOLTF,REGION_ZAQW
SELLER_FKBWHWEZBG,AREA_TRPRCHZ,CITY_IYTTKK,REGION_ZAQW
SELLER_MDSIRZLFIG,AREA_JJIACMD,CITY_NWOLTF,REGION_ZAQW
SELLER_TQKSIGLIIA,AREA_OUFTVVA,CITY_CUSPLX,REGION_ZAQW
SELLER_FLLIHNTWOV,AREA_UXPSWBQ,CITY_QDRBWP,REGION_SNJF
SELLER_VABKRMAKYV,AREA_DOMZJUE,CITY_NWOLTF,REGION_ZAQW
SELLER_SGCUCCVNPT,AREA_TRHFCAA,CITY_NWOLTF,REGION_ZAQW
SELLER_WWGDSETSIV,AREA_PHHQKTL,CITY_WCRPHW,REGION_ZAQW
SELLER_WTFYRDGJIW,AREA_SZIRFXV,CITY_DNOLCW,REGION_SNJF
SELLER_RTGALVFKWL,AREA_IUVLEUB,CITY_CULFCV,REGION_WSPK
SELLER_EFNDJLSSCZ,AREA_JAIMUWK,CITY_YTCHBP,REGION_WSPK
SELLER_EUYNYDCIXC,AREA_DQSHSYX,CITY_OKFIDZ,REGION_ZAQW
SELLER_NFQEMGKANY,AREA_SAYFBVV,CITY_OZXJBN,REGION_ZAQW
SELLER_BIVYHTNDKM,AREA_ZPMGBDV,CITY_EGXTXT,REGION_ZAQW
SELLER_CCPOKLNJUO,AREA_GASFTIO,CITY_NWOLTF,REGION_ZAQW
SELLER_BLXELCNVVT,AREA_MSLLTJV,CITY_QMJZFX,REGION_ZAQW
SELLER_WJTUPYSQZX,AREA_YXSBATG,CITY_QVSUET,REGION_ZAQW
SELLER_FELHCSLSYV,AREA_FBDDUNF,CITY_NWOLTF,REGION_ZAQW
SELLER_KFDPBIFPGL,AREA_YLBMXUZ,CITY_GCUVUP,REGION_ZMUB
SELLER_YQQXYRYPQK,AREA_GWDXDKX,CITY_RRVRCV,REGION_ZMUB
SELLER_MWHMAOBDJP,AREA_OPNOBHE,CITY_OWQVHU,REGION_FLVI
SELLER_PARRDBKEGY,AREA_TVCVVRZ,CITY_AUSJMH,REGION_ZAQW
SELLER_MGEORVNSAY,AREA_KSNKDEW,CITY_IYTTKK,REGION_ZAQW
SELLER_GSQPTDBRSQ,AREA_OGQWKTH,CITY_QYXXRV,REGION_ZMUB
SELLER_RSMUCFNSKR,AREA_NGZLATM,CITY_UKDOQP,REGION_FLVI
SELLER_DYBGRZSSBY,AREA_BZAPEQV,CITY_AYUJLS,REGION_ZAQW
SELLER_XMRQPGGWDM,AREA_HFPWVRG,CITY_KRUHPY,REGION_ZAQW
SELLER_USMRSUUITF,AREA_OOPVXFV,CITY_PGYZZU,REGION_ZAQW
SELLER_LHWRSTMRWL,AREA_VKCVVQV,CITY_IOOCAQ,REGION_DYWE
SELLER_DJNOMITNJG,AREA_YWOOMFJ,CITY_BLLIVZ,REGION_FLVI
SELLER_CDLDKWFTOK,AREA_QGYQHVZ,CITY_LYSTRY,REGION_DYWE
SELLER_RFZFEWZANU,AREA_TNTTKLE,CITY_CULFCV,REGION_WSPK
SELLER_URIKTCKYKC,AREA_SSVOBVU,CITY_IOOCAQ,REGION_DYWE
SELLER_MKWEMOUPMN,AREA_AZJPEAZ,CITY_NWOLTF,REGION_ZAQW
SELLER_CVLFFYZOIT,AREA_QDKCUUL,CITY_QWQKKI,REGION_ZAQW
SELLER_BLEFXTEGWT,AREA_VPCCGUP,CITY_CYTPPW,REGION_ZAQW
SELLER_ONKERDQCSK,AREA_RMNKFKW,CITY_XHCYYT,REGION_ZMUB
SELLER_IEWTLUFCAI,AREA_EBGJARW,CITY_SGDOXH,REGION_DYWE
SELLER_HRPKBALGCW,AREA_LVPLIXS,CITY_QQZGQR,REGION_ZAQW
SELLER_NWSWHTGALY,AREA_SDQSOCY,CITY_CMLJLZ,REGION_ZAQW
SELLER_VRGIGEIDOX,AREA_GZQSHDB,CITY_KUIXXC,REGION_FLVI
SELLER_ZLDRCRQQOU,AREA_XIXMYIC,CITY_NMFTZH,REGION_SNJF
SELLER_FALKLTLZFP,AREA_UYIVZDK,CITY_NWOLTF,REGION_ZAQW
SELLER_FRQWLYHRIF,AREA_DOUNUGP,CITY_QAEDOU,REGION_ZAQW
SELLER_ZCKKCDPUEQ,AREA_VFDGNSD,CITY_CNQFNX,REGION_PPKX
SELLER_ZLYOXGANTM,AREA_RGMSQDA,CITY_AUSJMH,REGION_ZAQW
SELLER_HDDUDHQZFS,AREA_TRIQFFQ,CITY_OEPYQM,REGION_FLVI
SELLER_YECMHOUGLP,AREA_DGTQYGV,CITY_EWLBKK,REGION_SNJF
SELLER_KTPMDWLIMF,AREA_SNHBPRO,CITY_GKEEQX,REGION_ZAQW
SELLER_DDXEPOMWDC,AREA_JMUMNET,CITY_CULFCV,REGION_WSPK
SELLER_XUGFYGEKOB,AREA_IZPNAFL,CITY_ZVLCHW,REGION_ZAQW
SELLER_MGSOGNWDXK,AREA_PQULBXD,CITY_TSPVAN,REGION_DYWE
SELLER_XTOAWGHUFH,AREA_FUGRFEA,CITY_NWOLTF,REGION_ZAQW
SELLER_MWNHUXZJIW,AREA_ZBOSEUD,CITY_NWOLTF,REGION_ZAQW
SELLER_VONNXGVYHV,AREA_RYMFCEF,CITY_EHIVNT,REGION_FLVI
SELLER_TMHDWYOBZH,AREA_ATPVHUH,CITY_EALZND,REGION_SNJF
SELLER_KVSLJQQPZJ,AREA_JCFLFXQ,CITY_GRMWTB,REGION_ZAQW
SELLER_XHZBRUHDCA,AREA_GFYRMKA,CITY_OEPXSE,REGION_DYWE
SELLER_AIBWZZUOEB,AREA_KQXGITE,CITY_NWOLTF,REGION_ZAQW
SELLER_ZWSLLTLXYC,AREA_SSPNEZT,CITY_NWOLTF,REGION_ZAQW
SELLER_ASDYPCCSLH,AREA_EOQDVHH,CITY_ZOMIFN,REGION_ZAQW
SELLER_MINMPKFKYK,AREA_DXDGSSI,CITY_ZVLCHW,REGION_ZAQW
SELLER_GOEFCWBQMQ,AREA_VCXWAWK,CITY_NWOLTF,REGION_ZAQW
SELLER_LLDFZXBEPB,AREA_DUBRIKK,CITY_VMHHRG,REGION_DYWE
SELLER_QZPPQBFKOS,AREA_JNEIERD,CITY_NWOLTF,REGION_ZAQW
SELLER_YUYBVPLFFR,AREA_FUGQGDK,CITY_WCRPHW,REGION_ZAQW
SELLER_BMUQOQBTMN,AREA_CLAYCNX,CITY_ZOBQSQ,REGION_ZAQW
SELLER_BIVDTSXARY,AREA_OYWPRQZ,CITY_LDQCID,REGION_ZMUB
SELLER_LCRIERGUGT,AREA_QCQIPRQ,CITY_YYSPFJ,REGION_EKOC
SELLER_FIXXLKFOYZ,AREA_KHSXOZD,CITY_IOOCAQ,REGION_DYWE
SELLER_ILLHYDONSV,AREA_QSAXNUU,CITY_VPXVRU,REGION_WSPK
SELLER_QRWKOJZQUM,AREA_OXZCYHP,CITY_HKZBYZ,REGION_ZAQW
SELLER_PIMRJADLYG,AREA_KXIYHRW,CITY_WPXXVS,REGION_ZAQW
SELLER_ZDHHDCSXTY,AREA_VDWMKTV,CITY_SCWTZL,REGION_ZAQW
SELLER_PKCGKKJIDR,AREA_SMTHGMM,CITY_NWOLTF,REGION_ZAQW
SELLER_HTHIMXLJPX,AREA_DUCLKHC,CITY_AUSJMH,REGION_ZAQW
SELLER_QLNIKWTWSI,AREA_DCAGENK,CITY_IYTTKK,REGION_ZAQW
SELLER_YMOKPOFEXI,AREA_OOTERBF,CITY_GYLMOK,REGION_BQGV
SELLER_ZRKFPXHGSJ,AREA_VXFLGYU,CITY_GQIOWS,REGION_ZAQW
SELLER_CVNWZDERIR,AREA_DHUZMBK,CITY_AWRJVR,REGION_FLVI
SELLER_IEAYFKCASK,AREA_XVJGDLJ,CITY_ANYODB,REGION_ZAQW
SELLER_ZEJMLYPBCB,AREA_AYNOZGO,CITY_AUSJMH,REGION_ZAQW
SELLER_FHPSFRBWUX,AREA_MZVEYXB,CITY_NWOLTF,REGION_ZAQW
SELLER_DYRMZTATGC,AREA_NXVGAMT,CITY_RHZLHM,REGION_ZAQW
SELLER_QOHKPSSHQX,AREA_GXLGBVT,CITY_CBOUJN,REGION_FLVI
SELLER_KQQLEINIXX,AREA_KZLNAIR,CITY_HKSTWV,REGION_ZAQW
SELLER_VAIDHOVPDJ,AREA_ZRYPXOS,CITY_MXWIIL,REGION_ZAQW
SELLER_YVIDJURZPP,AREA_OFVJXIE,CITY_GQIOWS,REGION_ZAQW
SELLER_ERPEOXORUY,AREA_GOKUZCO,CITY_ROJJRW,REGION_ZAQW
SELLER_RKRHFLSXUA,AREA_TESYECQ,CITY_IQRXJK,REGION_ZMUB
SELLER_ZPYNZLDFYO,AREA_MODSLWV,CITY_VUDLER,REGION_SNJF
SELLER_BACWBBSUCJ,AREA_XEVZTJY,CITY_JGFBBZ,REGION_ZAQW
SELLER_AMDEGIRWCB,AREA_YELVPBX,CITY_SCWTZL,REGION_ZAQW
SELLER_URBLBDRVFN,AREA_SXDSUIY,CITY_QWKOHK,REGION_DYWE
SELLER_XYZIWKDQDC,AREA_FGHWBNT,CITY_NWOLTF,REGION_ZAQW
SELLER_QTWRKBLDPU,AREA_MITBZGF,CITY_NWOLTF,REGION_ZAQW
SELLER_WLGMDKZWOZ,AREA_ZDNWLYR,CITY_GGZELG,REGION_ZAQW
SELLER_ARJVDRVOKS,AREA_GPSUXMX,CITY_NWOLTF,REGION_ZAQW
SELLER_VERAJOVITZ,AREA_PIYOWCW,CITY_DNOLCW,REGION_SNJF
SELLER_OSTJZDKDKI,AREA_LUROSZD,CITY_WEKLLH,REGION_ZAQW
SELLER_CBHVEFJHGQ,AREA_EBWAYVS,CITY_QRSQIG,REGION_ZMUB
SELLER_QJCNXAQNGF,AREA_TXMSWAR,CITY_NWOLTF,REGION_ZAQW
SELLER_MONBMRMUBV,AREA_TFHNVLK,CITY_TKGHVE,REGION_ZMUB
SELLER_EPCHCBBRLJ,AREA_YGECJPJ,CITY_NWOLTF,REGION_ZAQW
SELLER_KOLLMKVVBC,AREA_UDHYPHP,CITY_UCVIOR,REGION_DYWE
SELLER_KJLNNZTJET,AREA_XFEQCMH,CITY_CULFCV,REGION_WSPK
SELLER_FQYGEAAWZR,AREA_CZMTIHR,CITY_RUCURT,REGION_SNJF
SELLER_VAMEHVWZTU,AREA_ALAANJR,CITY_XHCYYT,REGION_ZMUB
SELLER_HGPOYYNLDX,AREA_KCNZLKI,CITY_AHPFPG,REGION_ZAQW
SELLER_BARTPCWPRV,AREA_MZKJGRI,CITY_ITRGKE,REGION_ZAQW
SELLER_TUALUXJVEE,AREA_TWHKXFG,CITY_WBAZQV,REGION_ZMUB
SELLER_QOTKVZKWIP,AREA_QDLBUYQ,CITY_NWOLTF,REGION_ZAQW
SELLER_AHNSMYJKPP,AREA_IJBGOSY,CITY_NWOLTF,REGION_ZAQW
SELLER_MESLNFTOOW,AREA_UKJHRDR,CITY_KUIXXC,REGION_FLVI
SELLER_YAWLBPYMED,AREA_UNWWPUD,CITY_NWOLTF,REGION_ZAQW
SELLER_TXTEYDVWPZ,AREA_NQLYLKQ,CITY_GTSCTT,REGION_ZAQW
SELLER_GKXGEOYLWR,AREA_FPQBEPT,CITY_AFQUYY,REGION_SNJF
SELLER_NGMVRFLLHF,AREA_QFXDVSV,CITY_ZOMIFN,REGION_ZAQW
SELLER_GRCPXNGJIM,AREA_XVRGRTL,CITY_WVUIYR,REGION_FLVI
SELLER_YRSQJUNAPJ,AREA_YVMUFDR,CITY_CULFCV,REGION_WSPK
SELLER_KWCXLKEILQ,AREA_FNPRPKF,CITY_NWOLTF,REGION_ZAQW
SELLER_XKRQFAIOXH,AREA_ZNZUKYL,CITY_VHDBSN,REGION_SNJF
SELLER_QYRNXRQHGN,AREA_GTGBECQ,CITY_VDIYEC,REGION_SNJF
SELLER_HSISILXLVG,AREA_DQBJPJQ,CITY_DNOLCW,REGION_SNJF
SELLER_ZGVSJESRBK,AREA_UHYVPTX,CITY_HLSVLB,REGION_ZAQW
SELLER_WKUUYJCOFE,AREA_TZTLNQE,CITY_MFOJHT,REGION_ZAQW
SELLER_DLLRASESQP,AREA_GRVNKNJ,CITY_IYTTKK,REGION_ZAQW
